train_base_euler_roll,train_base_euler_pitch,train_base_euler_yaw,train_dof_pos_0,train_target_dof_pos_0,train_dof_pos_1,train_target_dof_pos_1,train_dof_pos_2,train_target_dof_pos_2,train_dof_pos_3,train_target_dof_pos_3,train_dof_pos_4,train_target_dof_pos_4,train_dof_pos_5,train_target_dof_pos_5,train_dof_pos_6,train_target_dof_pos_6,train_dof_pos_7,train_target_dof_pos_7,train_dof_pos_8,train_target_dof_pos_8,train_dof_pos_9,train_target_dof_pos_9,train_dof_pos_10,train_target_dof_pos_10,train_dof_pos_11,train_target_dof_pos_11
-0.010426998138427734,-0.0289459228515625,-0.0020456314086914062,-0.056021902710199356,0.11054302752017975,0.04678281396627426,-0.27712464332580566,0.03355548158288002,0.020722735673189163,0.27101635932922363,-0.5080612897872925,-0.18494389951229095,0.4495278596878052,-0.017714209854602814,0.2380765825510025,-0.14660312235355377,0.12658362090587616,0.06531637907028198,-0.22634603083133698,-0.0785285010933876,-0.015475715510547161,0.28417113423347473,-0.48082786798477173,-0.11329412460327148,0.45753026008605957,0.061284031718969345,1.03916335105896
-0.013486862182617188,-0.044521331787109375,0.005740038584917784,-0.021342100575566292,0.254023939371109,0.045944131910800934,-0.34555742144584656,0.02357192151248455,-0.1852935552597046,0.2330072820186615,-0.32369521260261536,-0.16636109352111816,-0.6367072463035583,-0.03671638295054436,-0.8714815378189087,-0.09618589282035828,0.1910451501607895,0.06733082234859467,0.8544291853904724,-0.08353123813867569,-0.021533269435167313,0.22519347071647644,-0.7940670251846313,-0.08934403210878372,-0.21137423813343048,0.0593067891895771,-0.3727516829967499
-0.010317802429199219,-0.06523704528808594,0.019335128366947174,0.007225372828543186,0.2592051923274994,0.04221011698246002,-0.1787736564874649,0.00979756098240614,-0.16108834743499756,0.22134268283843994,-0.2676106095314026,-0.16300560534000397,-0.5891324281692505,-0.10503395646810532,-1.4244126081466675,0.02638084813952446,0.15809209644794464,0.07142522186040878,0.7239950299263,-0.0734284371137619,-0.025309884920716286,0.03218967467546463,-0.8675726652145386,-0.04142124578356743,-0.09637553989887238,-0.10682570934295654,-0.431256502866745
0.00732166413217783,-0.06940269470214844,0.01336497999727726,0.0003911059466190636,-0.12414006143808365,0.03245391324162483,-0.47718387842178345,0.005366225726902485,0.08875186741352081,0.25874513387680054,-0.04727450758218765,-0.1898772418498993,-0.10401836037635803,-0.3619249761104584,-1.9630805253982544,0.05350024625658989,0.20853811502456665,0.05536575987935066,-0.19667647778987885,-0.06286893784999847,0.07660460472106934,5.483516360982321e-06,-0.8859416246414185,-0.06065875291824341,0.07866045832633972,-0.1236015036702156,-0.27981284260749817
0.03912762179970741,-0.07288551330566406,-0.0029096603393554688,0.005524164531379938,-0.32957661151885986,0.022670866921544075,-0.8105856776237488,-0.004180348943918943,0.11036496609449387,0.27833467721939087,0.15196877717971802,-0.2818656861782074,-0.03148340433835983,-0.5199999809265137,-0.9372568726539612,0.059422120451927185,0.281606525182724,0.023159651085734367,-0.499520480632782,-0.047540124505758286,0.06677260994911194,5.905720854570973e-07,-0.8080636858940125,-0.06712481379508972,-0.0806719958782196,-0.1383264809846878,-0.1850847750902176
0.07621556520462036,-0.05559110641479492,-0.007915019989013672,-0.04663641005754471,-0.3646356761455536,-0.011789578013122082,-0.7289412021636963,0.006163186393678188,0.10314464569091797,0.34431102871894836,0.26039931178092957,-0.29828086495399475,0.05098806321620941,-0.5199999809265137,-0.8950865864753723,0.044008705765008926,0.3431468605995178,-0.019378136843442917,-0.3731689155101776,-0.0450323186814785,0.09060123562812805,-1.3318173159859725e-06,-0.7073251008987427,-0.07406429946422577,-0.08939321339130402,-0.09017237275838852,-0.2140699177980423
0.11172020435333252,-0.03706789016723633,-0.004688739776611328,-0.10889677703380585,-0.26102498173713684,-0.06508664041757584,-0.1061936765909195,0.009564906358718872,0.0029949815943837166,0.40402111411094666,0.1537453532218933,-0.25671908259391785,0.07065887749195099,-0.5199999809265137,-0.50846928358078,0.028105849400162697,0.058966413140296936,-0.06275445222854614,-0.3685839772224426,-0.04928240925073624,-0.04605681076645851,-7.352019110840047e-06,-0.5428128838539124,-0.07298100739717484,-0.1032695472240448,-0.04975901544094086,-0.1806255578994751
0.1351376473903656,-0.01535654067993164,0.0042813788168132305,-0.1641240119934082,-0.20975305140018463,-0.11432593315839767,-0.029539136216044426,0.0014025490963831544,-0.0350993275642395,0.42191311717033386,0.06798392534255981,-0.20465663075447083,0.06361997127532959,-0.5199999809265137,-0.48719704151153564,0.010336988605558872,0.04830776900053024,-0.09245330840349197,-0.3310296833515167,-0.05691878870129585,-0.0899813324213028,-1.1839800208690576e-05,-0.5164676308631897,-0.07583536207675934,-0.06181870028376579,-0.04308067262172699,-0.08825965970754623
0.14608395099639893,0.006361990701407194,0.016967648640275,-0.21074886620044708,-0.1427595019340515,-0.14985567331314087,-0.160373717546463,-0.0021680232603102922,0.004585171118378639,0.4149736762046814,0.05816731974482536,-0.18032163381576538,0.024594053626060486,-0.5199999809265137,-0.5278533697128296,-0.004869797732681036,0.12974204123020172,-0.10766665637493134,-0.3980846405029297,-0.06692690402269363,-0.07519105076789856,-1.2005106327706017e-05,-0.5538440346717834,-0.08897559344768524,-0.006915934383869171,-0.03833289071917534,-0.05483727902173996
0.14750432968139648,0.019885940477252007,0.02849004976451397,-0.2384839802980423,-0.0866069421172142,-0.17496900260448456,-0.25996142625808716,-0.002450187224894762,0.009538883343338966,0.39041998982429504,-0.0004491731524467468,-0.17257794737815857,0.035296350717544556,-0.5199999809265137,-0.5518276691436768,-0.010417564772069454,0.097708560526371,-0.11188860982656479,-0.42365792393684387,-0.07756205648183823,-0.0572860948741436,-8.004960363905411e-06,-0.5867591500282288,-0.09764919430017471,-0.018131863325834274,-0.03521610051393509,-0.05554495006799698
0.14323367178440094,0.02099847048521042,0.03604420647025108,-0.23498378694057465,-0.022039471194148064,-0.1956438273191452,-0.29618561267852783,-0.0039838822558522224,-0.0016768239438533783,0.33665040135383606,-0.044643010944128036,-0.15169759094715118,0.07879740744829178,-0.5199999809265137,-0.4623261094093323,-0.0018748637521639466,0.07991845905780792,-0.11022140085697174,-0.4689042866230011,-0.08702459186315536,-0.11073143780231476,-5.871192115591839e-06,-0.6427990794181824,-0.09964978694915771,-0.061511557549238205,-0.031818028539419174,-0.14279107749462128
0.13314813375473022,0.014805305749177933,0.04245729744434357,-0.21391001343727112,-0.10263581573963165,-0.21169359982013702,-0.2551804184913635,0.006784763652831316,0.03548385575413704,0.26996833086013794,-0.1793598234653473,-0.12716291844844818,0.0923057347536087,-0.5200001001358032,-0.2924010157585144,0.015129494480788708,0.16820162534713745,-0.10267143696546555,-0.27814826369285583,-0.09694034606218338,-0.11042821407318115,2.0746750806210912e-07,-0.6838390231132507,-0.0937543511390686,-0.016360588371753693,-0.027780650183558464,-0.12477578967809677
0.11516449600458145,0.00883646309375763,0.05119568109512329,-0.19999881088733673,-0.042404599487781525,-0.22283533215522766,-0.22351256012916565,0.014530261978507042,0.06943857669830322,0.22321778535842896,-0.3246234059333801,-0.11846958845853806,0.12020359188318253,-0.3528471887111664,-0.04928426817059517,0.03217362239956856,0.18412958085536957,-0.08663267642259598,-0.15401208400726318,-0.10864716023206711,-0.10449156165122986,-5.959741429251153e-06,-0.6892937421798706,-0.08117057383060455,0.023201540112495422,-0.024333979934453964,-0.11219668388366699
0.08980318158864975,0.0033435458317399025,0.060766980051994324,-0.18862110376358032,0.022590873762965202,-0.22841890156269073,-0.19601970911026,0.023437567055225372,0.13835427165031433,0.18681834638118744,-0.40867939591407776,-0.11840350925922394,0.02703827992081642,-0.15122833847999573,0.3555927276611328,0.04892786219716072,0.24477770924568176,-0.06297478079795837,-0.022248651832342148,-0.1198820248246193,-0.14441300928592682,-2.0608138584066182e-05,-0.6172143816947937,-0.06384485960006714,-0.04162572696805,-0.020697878673672676,0.18125472962856293
0.05298488587141037,-0.0025911331176757812,0.07123476266860962,-0.1723925918340683,0.26934245228767395,-0.22397668659687042,-0.10208895802497864,0.03175035119056702,0.12529706954956055,0.14809522032737732,-0.5760946869850159,-0.12410257011651993,-0.05053883045911789,0.055426910519599915,0.8153080344200134,0.07067633420228958,0.1890374720096588,-0.02745281532406807,0.2483009546995163,-0.12783856689929962,-0.15948130190372467,-3.087679579039104e-05,-0.3487403988838196,-0.07369276881217957,-0.18771992623806,-0.017303351312875748,1.0629355907440186
-0.020082950592041016,-0.025182723999023438,0.06876949220895767,-0.07840622961521149,0.4223209321498871,-0.1647898405790329,0.42621344327926636,0.012005341239273548,-0.05218549817800522,-0.0002203539916081354,-0.6984812021255493,-0.1754990816116333,-0.3149442672729492,0.16169852018356323,0.843226432800293,0.06352552026510239,0.07080793380737305,0.03829475864768028,0.605550229549408,-0.12589365243911743,-0.14928685128688812,0.09688325226306915,0.029583360999822617,-0.1373395323753357,-0.21730490028858185,0.17420874536037445,1.1450039148330688
-0.0632481575012207,-0.06636714935302734,0.08896058052778244,-0.05282510817050934,0.582550585269928,-0.12658190727233887,0.5133536458015442,0.025019323453307152,-0.2662542462348938,-4.597673250827938e-05,-0.41656649112701416,0.04230361804366112,0.0087469182908535,0.2562938332557678,0.49862849712371826,0.0848679319024086,-0.3061370253562927,0.07427043467760086,0.7170119881629944,-0.10814961791038513,0.16208401322364807,0.18286360800266266,-0.09823271632194519,-0.22268356382846832,-0.09572423994541168,0.25964275002479553,0.23035767674446106
-0.11435222625732422,-0.10207414627075195,0.10143882036209106,-0.007979451678693295,0.3161785900592804,-0.07177910208702087,0.44260287284851074,0.026089727878570557,-0.21567633748054504,-0.00012126907677156851,-0.5440511703491211,0.10587005317211151,-0.007539225742220879,0.17377740144729614,0.334747314453125,0.09092381596565247,-0.21298891305923462,0.13675713539123535,0.5095098614692688,-0.03853851184248924,0.11937052011489868,0.247877299785614,-0.0867229700088501,-0.2518980801105499,-0.03839770331978798,0.11469972133636475,0.1584191769361496
-0.13617181777954102,-0.10139894485473633,0.10820698738098145,0.00483294390141964,0.028331970795989037,-0.05236741155385971,0.5750269889831543,0.01295593474060297,-0.05894529074430466,-1.3369959560805e-05,-0.582682728767395,0.07291250675916672,0.033679090440273285,0.18869391083717346,0.27772802114486694,0.040406692773103714,-0.054644279181957245,0.17315921187400818,0.21168087422847748,-0.008372181095182896,0.017737023532390594,0.3084818422794342,0.043737392872571945,-0.19961009919643402,0.06455440819263458,0.041967183351516724,0.06808436661958694
-0.16102027893066406,-0.08034038543701172,0.11358735710382462,-0.007616640999913216,-0.01209753192961216,-0.027603168040513992,0.5379399657249451,0.002627892419695854,-0.028378799557685852,-2.9286906283232383e-05,-0.5587452054023743,0.056378915905952454,0.03566288203001022,0.1880335807800293,0.3557358384132385,-0.022906862199306488,0.03814389556646347,0.21472999453544617,0.14650507271289825,0.004730093292891979,-0.010715778917074203,0.3309815227985382,0.06427638232707977,-0.1562528759241104,0.08843225240707397,-0.01029098778963089,-0.13221614062786102
-0.18470144271850586,-0.06027078628540039,0.11940295249223709,-0.02043270692229271,-0.03669271618127823,-0.0033974319230765104,0.2920551896095276,-0.006566507276147604,0.00911034643650055,-2.567408409959171e-05,-0.5743921399116516,0.05330848693847656,0.04024246335029602,0.18688936531543732,0.25316232442855835,-0.07378760725259781,0.11198368668556213,0.2527965009212494,0.1467909961938858,0.009744239039719105,-0.005173591896891594,0.32736650109291077,0.06493470072746277,-0.14629806578159332,0.09680436551570892,-0.01774456538259983,-0.1426931768655777
-0.19047832489013672,-0.04952573776245117,0.12630991637706757,-0.020097028464078903,-0.06643794476985931,-0.002065893728286028,0.05730315297842026,-0.016596384346485138,0.006524067372083664,3.32334002450807e-06,-0.6063058376312256,0.031683459877967834,0.04645361751317978,0.2061409056186676,0.30128705501556396,-0.10811281204223633,0.1191827729344368,0.259583443403244,0.38971254229545593,0.004555255174636841,0.006485080346465111,0.3247838020324707,0.09600600600242615,-0.1634676605463028,0.0416550375521183,0.09929683804512024,-0.04929012805223465
-0.1898040771484375,-0.04408407211303711,0.1351783275604248,-0.015303489752113819,0.03820326179265976,-0.008362093940377235,0.4859985113143921,-0.02545475773513317,-0.02741485834121704,2.1546327388932696e-06,-0.6151487231254578,0.02819862961769104,0.20528508722782135,0.21872559189796448,0.4520593285560608,-0.12893635034561157,-0.02688060700893402,0.2596780061721802,0.6238402724266052,0.008890382945537567,0.006312165409326553,0.3221356272697449,0.04726127162575722,-0.16268692910671234,0.04492220655083656,0.20428580045700073,0.1464257687330246
-0.18773460388183594,-0.04141712188720703,0.14527224004268646,-0.011363278143107891,0.1393297165632248,-0.016101719811558723,0.5004503130912781,-0.028686407953500748,-0.07189279049634933,0.0001395824656356126,-0.5393295288085938,0.059742845594882965,0.17941732704639435,0.23109687864780426,0.45985352993011475,-0.14416927099227905,-0.12144073843955994,0.2597825825214386,0.5749114155769348,0.010858466848731041,0.008708415552973747,0.32671257853507996,0.05190618708729744,-0.16426950693130493,0.006626512855291367,0.28446197509765625,0.23004496097564697
-0.17899799346923828,-0.041060447692871094,0.15406757593154907,0.0011849823640659451,0.11098933964967728,-0.030183220282197,0.3705412447452545,-0.03730945289134979,-0.09439568221569061,-5.789731221739203e-05,-0.5536172986030579,0.04846290498971939,0.11941134184598923,0.20891299843788147,0.4352157711982727,-0.15550780296325684,-0.0982637107372284,0.25763794779777527,0.5848253965377808,0.01360288169234991,-0.017232263460755348,0.3351612091064453,0.05718905106186867,-0.16605110466480255,0.012194279581308365,0.29919320344924927,0.32603719830513
-0.1659383773803711,-0.03939056396484375,0.16296343505382538,0.012262336909770966,0.14470966160297394,-0.04919872060418129,0.32335492968559265,-0.04660388454794884,-0.0945102795958519,-4.548477954813279e-05,-0.5227397680282593,0.037937842309474945,0.22693561017513275,0.21527381241321564,0.3526487350463867,-0.1634133756160736,-0.10338705778121948,0.2598295509815216,0.5391138195991516,0.007289715576916933,-0.034741904586553574,0.33682864904403687,0.019625093787908554,-0.1620939075946808,0.04365352913737297,0.1846257448196411,0.27178558707237244
-0.14952373504638672,-0.03356361389160156,0.17403548955917358,0.018357617780566216,0.18828946352005005,-0.07170933485031128,0.16371221840381622,-0.059067659080028534,-0.08333180099725723,-7.749827091174666e-06,-0.4746643900871277,0.02892010286450386,0.3177131414413452,0.21932221949100494,0.3164067268371582,-0.1588434875011444,-0.14323998987674713,0.25966763496398926,0.48617544770240784,-0.007712033111602068,-0.040120553225278854,0.29553404450416565,-0.10461284220218658,-0.12594576179981232,0.08914673328399658,0.0350358784198761,0.17471475899219513
-0.12706470489501953,-0.022182464599609375,0.183395653963089,0.017790313810110092,0.07144540548324585,-0.10049142688512802,0.1423753947019577,-0.07089941948652267,-0.08133085817098618,-2.0836723706452176e-06,-0.5051750540733337,0.02100478485226631,0.3204001188278198,0.22633855044841766,0.36669695377349854,-0.16389639675617218,0.0012398585677146912,0.25978824496269226,0.5236610174179077,-0.015603549778461456,0.027273641899228096,0.2553231120109558,-0.17313675582408905,-0.10842397809028625,0.09911875426769257,-0.14756882190704346,0.09903020411729813
-0.1001138687133789,-0.011398792266845703,0.19746065139770508,0.018285727128386497,0.010656727477908134,-0.1339620053768158,0.19379135966300964,-0.08748447149991989,-0.030339889228343964,1.1739796718757134e-05,-0.5498378872871399,0.013708141632378101,0.34755003452301025,0.2333505004644394,0.3607788681983948,-0.13010501861572266,0.08753404021263123,0.2576507329940796,0.41069936752319336,0.02552594244480133,0.08080293238162994,0.13522523641586304,-0.31862396001815796,-0.09986704587936401,0.06736822426319122,-0.3072691857814789,-0.0891449972987175
-0.06598281860351562,-0.0012912750244140625,0.21463865041732788,0.019709648564457893,0.08133964985609055,-0.17451567947864532,0.106636643409729,-0.1072917953133583,-0.10666462033987045,6.299588858382776e-05,-0.45878809690475464,0.007514363154768944,0.2789599895477295,0.2321350872516632,0.017393656075000763,-0.0843423455953598,0.13266299664974213,0.24373981356620789,0.253975510597229,0.06685645133256912,0.10526344180107117,0.005955848377197981,-0.4455731511116028,-0.13978540897369385,-0.06892998516559601,-0.35432133078575134,-0.2992687523365021
-0.04381704330444336,0.0031074245925992727,0.22258992493152618,0.027678674086928368,0.08549176901578903,-0.19873638451099396,-0.2880145311355591,-0.11919847130775452,-0.1351059079170227,0.0001128664007410407,-0.2236386090517044,-0.0020634280517697334,0.13751699030399323,0.14749930799007416,-0.7187579274177551,-0.08159562200307846,0.14796820282936096,0.21548987925052643,-0.8181825280189514,0.03759634122252464,0.17554491758346558,-1.3599325939139817e-05,-0.7023064494132996,-0.06869472563266754,-0.266500860452652,-0.29627740383148193,-0.5856611132621765
-0.011484146118164062,-0.0008120536804199219,0.2248738408088684,0.03206610307097435,-0.04385601729154587,-0.2304721623659134,-0.3267796039581299,-0.12523066997528076,0.009830656461417675,0.02700396627187729,-0.1716347634792328,-0.027512885630130768,0.07408573478460312,-0.034873116761446,0.13930164277553558,-0.06974789500236511,0.15659019351005554,0.1768350899219513,-1.295889139175415,0.02301107347011566,0.12124116718769073,1.4849870240141172e-05,-0.6685335636138916,-0.023629626259207726,-0.07062919437885284,-0.2849409282207489,-0.6840428113937378
0.018929872661828995,-0.00011157989501953125,0.22911161184310913,3.4052656701533124e-05,-0.06992115080356598,-0.2598312497138977,-0.32378754019737244,-0.039375293999910355,0.09561927616596222,0.11653876304626465,-0.09503808617591858,-0.08883015066385269,0.032088153064250946,-0.08348187804222107,0.22174471616744995,-0.061726752668619156,0.14566054940223694,0.14065685868263245,-0.8740351796150208,0.016711466014385223,0.0701589584350586,2.5125239062617766e-06,-0.6266136169433594,0.01763175055384636,-0.01065993681550026,-0.31108614802360535,-0.6066805124282837
0.042093608528375626,0.0026638086419552565,0.2386070042848587,-0.036090414971113205,-0.06110776215791702,-0.2597731649875641,-0.45833975076675415,-0.02163621224462986,-0.01008124090731144,0.1944408267736435,-0.04235248640179634,-0.11361673474311829,0.04681191220879555,-0.20736514031887054,0.10213202238082886,-0.052734844386577606,0.11034421622753143,0.11334344744682312,-0.6154494881629944,0.005417408421635628,0.0692363828420639,1.0910223863902502e-05,-0.5054454803466797,0.03695722669363022,0.08685687184333801,-0.34336209297180176,-0.571331262588501
0.06759178638458252,0.006034729536622763,0.25150907039642334,-0.07917354255914688,-0.10752494633197784,-0.2597740888595581,-0.5834081768989563,0.003947047982364893,0.04323221370577812,0.2763170003890991,0.049075547605752945,-0.12381716817617416,0.042290642857551575,-0.23413220047950745,0.023172885179519653,-0.040812939405441284,0.14110316336154938,0.08101915568113327,-0.5017774105072021,-0.005837660748511553,0.037150681018829346,1.7432713548259926e-06,-0.4778704345226288,0.032787639647722244,-0.0198010616004467,-0.3156803846359253,-0.5481858253479004
0.08957567065954208,0.006723775062710047,0.26399803161621094,-0.10894818603992462,-0.11869756132364273,-0.25977131724357605,-0.6174320578575134,0.010799259878695011,0.01740284077823162,0.3286513090133667,0.06435354053974152,-0.13196396827697754,0.017995193600654602,-0.1951172798871994,-0.0673135370016098,-0.02381308563053608,0.1780777871608734,0.052121758460998535,-0.3378986418247223,-0.015414102002978325,0.014819031581282616,4.543862814898603e-05,-0.45494183897972107,0.01495562493801117,0.32012051343917847,-0.2891610562801361,-0.505043625831604
0.10782776027917862,0.009199905209243298,0.2736908197402954,-0.13251645863056183,-0.15920637547969818,-0.2598035931587219,-0.6491137146949768,0.012383515946567059,0.008724285289645195,0.3568863272666931,0.07371476292610168,-0.14366856217384338,0.00880085676908493,-0.1001429632306099,-0.15510745346546173,-0.009175957180559635,0.18992622196674347,0.02752213180065155,-0.42543038725852966,-0.023499801754951477,-0.02842187136411667,2.2708778487867676e-05,-0.45754876732826233,-0.0032819462940096855,0.3105678856372833,-0.276667982339859,-0.4535094201564789
0.12296027690172195,0.013688331469893456,0.28162136673927307,-0.15397320687770844,-0.12663784623146057,-0.2598126232624054,-0.6317052245140076,0.007892722263932228,-0.004584541544318199,0.37005141377449036,0.08392590284347534,-0.15507473051548004,0.002479173243045807,0.025541985407471657,-0.18266288936138153,0.0027103545144200325,0.15761376917362213,0.006134334951639175,-0.43404462933540344,-0.030478790402412415,-0.07524436712265015,4.2434126953594387e-05,-0.45266908407211304,-0.0204755961894989,0.24893660843372345,-0.266618549823761,-0.41908201575279236
0.13542017340660095,0.01707414537668228,0.2901149392127991,-0.16908720135688782,-0.10853252559900284,-0.259922057390213,-0.6039760112762451,0.00012770593457389623,0.0029792282730340958,0.36666446924209595,0.05143684521317482,-0.16216936707496643,0.015867918729782104,0.1508055180311203,-0.18709440529346466,0.015843437984585762,0.17667970061302185,-0.01287586335092783,-0.361948698759079,-0.038445040583610535,-0.10574513673782349,8.910174074117094e-05,-0.42351534962654114,-0.03769354149699211,0.33591845631599426,-0.24733316898345947,-0.4042235314846039
0.14434434473514557,0.02212768979370594,0.29983216524124146,-0.18437106907367706,-0.15002292394638062,-0.2599011957645416,-0.5910043120384216,-0.0010512475855648518,0.015156915411353111,0.35356104373931885,0.006525810807943344,-0.1657085418701172,0.01708955690264702,0.22777123749256134,-0.16260085999965668,0.026872677728533745,0.1725153774023056,-0.02841504104435444,-0.3198925852775574,-0.04765940085053444,-0.06397760659456253,9.061292075784877e-05,-0.4142160713672638,-0.05448365956544876,0.34001535177230835,-0.22107575833797455,-0.4006772041320801
0.14812497794628143,0.027537064626812935,0.30951517820358276,-0.19924533367156982,-0.1539650857448578,-0.25976356863975525,-0.5173942446708679,-0.0001970887096831575,0.01959150843322277,0.3343614637851715,-0.01146605983376503,-0.15915746986865997,0.05701031908392906,0.2597734034061432,-0.14036905765533447,0.03731280937790871,0.21912051737308502,-0.03828894719481468,-0.27291837334632874,-0.0571138970553875,-0.06691011786460876,5.962930299574509e-05,-0.4118112623691559,-0.07097020000219345,0.24785156548023224,-0.19731405377388,-0.33576974272727966
0.14654619991779327,0.030032455921173096,0.3188953399658203,-0.21086248755455017,-0.1687638759613037,-0.2598873972892761,-0.437667578458786,0.003351616207510233,0.02442074380815029,0.3125801980495453,-0.0511496476829052,-0.14245600998401642,0.08971289545297623,0.2958916425704956,-0.10632559657096863,0.05112029239535332,0.24856053292751312,-0.04247415065765381,-0.15347406268119812,-0.06672853976488113,-0.08908358216285706,7.999630906851962e-05,-0.40985244512557983,-0.0877758041024208,0.29035627841949463,-0.16794097423553467,-0.24890069663524628
0.13844378292560577,0.03087259642779827,0.32828953862190247,-0.21096175909042358,-0.13525384664535522,-0.2561188042163849,-0.24410861730575562,0.012646354734897614,0.029303506016731262,0.2662298381328583,-0.14030691981315613,-0.11733511090278625,0.09426581859588623,0.3488735854625702,-0.008542615920305252,0.06713037937879562,0.21139255166053772,-0.039366498589515686,-0.17398524284362793,-0.07632609456777573,-0.14962904155254364,6.688894791295752e-05,-0.4484733045101166,-0.1050698459148407,0.27060648798942566,-0.12711292505264282,-0.20753435790538788
0.1205655038356781,0.034065742045640945,0.3397258222103119,-0.21456068754196167,-0.05259539186954498,-0.24505290389060974,-0.34618866443634033,0.020306263118982315,0.06492961943149567,0.2207726091146469,-0.2628815174102783,-0.10936497151851654,0.06672419607639313,0.3941192328929901,0.059739165008068085,0.08077402412891388,0.14451541006565094,-0.02459176629781723,-0.1447151005268097,-0.08692100644111633,-0.10188041627407074,8.208301733247936e-05,-0.43690618872642517,-0.12260168790817261,0.31901782751083374,-0.08670980483293533,-0.2145707905292511
0.08947499841451645,0.037536926567554474,0.3485356867313385,-0.19888122379779816,0.010729540139436722,-0.2245054692029953,-0.35157766938209534,0.04726877808570862,0.11118681728839874,0.13927169144153595,-0.33691170811653137,-0.1324368715286255,-0.013012491166591644,0.41776999831199646,0.23753789067268372,0.09438267350196838,0.1177697405219078,0.00581924244761467,-0.09115130454301834,-0.09314848482608795,-0.14658395946025848,2.2046206140657887e-05,-0.49450305104255676,-0.14048801362514496,0.16900770366191864,-0.08360923081636429,-0.1713736653327942
0.051514968276023865,0.04550355672836304,0.3588595986366272,-0.1918443739414215,0.25543665885925293,-0.20269694924354553,-0.10444041341543198,0.05284972861409187,0.06790374964475632,0.07298384606838226,-0.3988211452960968,-0.1473633348941803,-0.23863230645656586,0.3817591369152069,0.46285438537597656,0.103741854429245,0.07877477258443832,0.04323922470211983,0.015086911618709564,-0.09911015629768372,-0.09549795091152191,5.268147651804611e-05,-0.3914136290550232,-0.15848517417907715,-0.13470172882080078,-0.08082833886146545,0.7056443095207214
0.007013530470430851,0.028293341398239136,0.3656558096408844,-0.13808296620845795,0.4454205334186554,-0.15682686865329742,0.5414329767227173,0.075433149933815,-0.06284123659133911,1.2378587598504964e-05,-0.5432060956954956,0.004554691258817911,-0.5640468597412109,0.25516706705093384,0.4877128601074219,0.09827540814876556,0.04375334456562996,0.07832666486501694,0.4781985580921173,-0.10813789069652557,-0.05745229125022888,0.0937318429350853,-0.07304565608501434,-0.22932051122188568,-0.26347053050994873,0.10281442850828171,1.0591299533843994
-0.04745054244995117,-0.015017986297607422,0.37842780351638794,-0.08472230285406113,0.4414118826389313,-0.10065142065286636,0.5946439504623413,0.0710049420595169,-0.195661723613739,-4.230943159200251e-05,-0.3392602801322937,0.08737199008464813,0.08586342632770538,0.15387147665023804,0.4329735040664673,0.12361059337854385,-0.27331990003585815,0.12542624771595,0.49712100625038147,-0.07480142265558243,0.14587077498435974,0.17586065828800201,-0.1820068359375,-0.2820316553115845,-0.013918977230787277,0.2923122048377991,-0.06374742835760117
-0.06870269775390625,-0.03186368942260742,0.3934484124183655,-0.05212752893567085,0.26891785860061646,-0.08604848384857178,0.17937444150447845,0.05453766882419586,-0.1716008484363556,-1.1742069546016864e-05,-0.45733553171157837,0.07519198209047318,0.14992442727088928,0.20294766128063202,0.4610785245895386,0.11343551427125931,-0.16176575422286987,0.1471736878156662,0.46424707770347595,-0.011332380585372448,0.06375706195831299,0.22355523705482483,-0.17982269823551178,-0.21818597614765167,0.03896598890423775,0.3123331069946289,0.1517554372549057
-0.0894007682800293,-0.021302223205566406,0.41254734992980957,-0.05279725417494774,0.2546048164367676,-0.07042735069990158,0.41525599360466003,0.03266650810837746,-0.008232075721025467,-2.6440420697326772e-05,-0.47614020109176636,0.06924384087324142,0.10251738131046295,0.24488799273967743,0.30093735456466675,0.07032648473978043,-0.13029852509498596,0.18099501729011536,0.3563096821308136,0.021811367943882942,-0.03789645433425903,0.2464338093996048,0.025686975568532944,-0.1636892408132553,0.0313601978123188,-0.025075644254684448,0.18493790924549103
-0.11321592330932617,-0.005749702453613281,0.4221971929073334,-0.05807271599769592,0.07339399307966232,-0.04757419601082802,0.6686592698097229,0.020010672509670258,0.07465202361345291,-7.031705172266811e-05,-0.49998313188552856,0.06085187941789627,0.06308205425739288,0.229643777012825,0.3855665922164917,-0.0052027832716703415,-0.016460038721561432,0.21822161972522736,0.1743733286857605,0.0030600661411881447,-0.03537169471383095,0.3066098690032959,0.11807797849178314,-0.1379985362291336,0.06518127024173737,-0.1408080905675888,-0.0066965725272893906
-0.13243389129638672,0.0006614695303142071,0.4306780993938446,-0.051826976239681244,-0.022738071158528328,-0.029420144855976105,0.3999263346195221,0.009524041786789894,-0.025981754064559937,-4.628608803614043e-05,-0.5179929733276367,0.04968133941292763,0.1509964019060135,0.22068533301353455,0.4501861333847046,-0.04955597221851349,0.07594671845436096,0.24839533865451813,0.32217997312545776,0.0028824470937252045,0.00994701124727726,0.3199106752872467,0.02457745000720024,-0.13421085476875305,0.03534634783864021,-0.20984314382076263,-0.09434109926223755
-0.1410050392150879,0.0045188008807599545,0.44166144728660583,-0.04261967912316322,0.08369682729244232,-0.024686375632882118,0.48105213046073914,-0.002799851819872856,0.04138055816292763,-4.094383984920569e-05,-0.5112643837928772,0.03858870267868042,0.24784614145755768,0.2446778118610382,0.402859628200531,-0.0789063423871994,-0.0338304340839386,0.26000064611434937,0.43296316266059875,-0.003196020144969225,0.0062155090272426605,0.3143685758113861,0.07144299149513245,-0.14894922077655792,0.02646850422024727,-0.19537101686000824,-0.10946597903966904
-0.14619064331054688,0.008414601907134056,0.44866082072257996,-0.03292573615908623,0.0866498127579689,-0.02312033623456955,0.6103906631469727,-0.010615329258143902,0.053302355110645294,-4.243424700689502e-05,-0.5136202573776245,0.026193831115961075,0.3028389811515808,0.24566349387168884,0.4763104319572449,-0.11750257015228271,-0.08632194250822067,0.2599770128726959,0.5363837480545044,-0.002229667967185378,-0.0034813452512025833,0.33105015754699707,0.11216665804386139,-0.16137999296188354,0.004402633756399155,-0.07086196541786194,0.016903722658753395
-0.1511530876159668,0.00807944592088461,0.45481494069099426,-0.018097935244441032,0.07981351017951965,-0.020716747269034386,0.5044659376144409,-0.016750836744904518,0.008662426844239235,-4.3713738705264404e-05,-0.49283677339553833,0.012695806100964546,0.2976347804069519,0.23401856422424316,0.5232021808624268,-0.14899198710918427,-0.036485686898231506,0.25994589924812317,0.5647295713424683,-0.0009287972934544086,-0.014998439699411392,0.3463636338710785,0.10803678631782532,-0.16752614080905914,0.008019719272851944,0.06832361221313477,0.08960122615098953
-0.15290355682373047,0.004666931461542845,0.4623698890209198,0.00033611501567065716,0.10733696073293686,-0.021613072603940964,0.24054783582687378,-0.023906361311674118,-0.03716236352920532,-4.610515316016972e-05,-0.5176811814308167,-0.0010304175084456801,0.1775316447019577,0.23145034909248352,0.40631598234176636,-0.1698320209980011,-0.09197521209716797,0.2599990963935852,0.6703125238418579,-0.0015099194133654237,-0.022018125280737877,0.351963073015213,0.05799482390284538,-0.17406247556209564,0.0030356012284755707,0.16383104026317596,0.24420922994613647
-0.15047121047973633,0.0027979763690382242,0.4706239402294159,0.01693311147391796,0.050460994243621826,-0.02684873901307583,0.08121099323034286,-0.032073356211185455,0.013032246381044388,-2.1507144992938265e-05,-0.5309234261512756,-0.014228385873138905,0.2889111042022705,0.23009897768497467,0.35528576374053955,-0.18652614951133728,-0.0546286478638649,0.2599990665912628,0.6739005446434021,-0.0024341626558452845,-0.015492204576730728,0.34915003180503845,0.06104566529393196,-0.1746821105480194,0.034757714718580246,0.19578610360622406,0.34913644194602966
-0.14332008361816406,0.003839777782559395,0.4786594808101654,0.030212540179491043,0.12930522859096527,-0.03694069758057594,-0.05012970417737961,-0.040723592042922974,0.02368740923702717,-1.9585764675866812e-05,-0.49637413024902344,-0.02699396386742592,0.44034838676452637,0.2256067395210266,0.3273627758026123,-0.20272110402584076,-0.12108641862869263,0.2599472999572754,0.6755414009094238,-0.003184818895533681,-0.03882167860865593,0.34334051609039307,0.022247884422540665,-0.171949565410614,0.06026621535420418,0.15651437640190125,0.40206095576286316
-0.13138628005981445,0.0068915244191884995,0.4866883456707001,0.041001200675964355,0.15580180287361145,-0.05193573981523514,-0.05570860207080841,-0.05001015216112137,0.010915890336036682,3.6406738217920065e-05,-0.5276986360549927,-0.03916461765766144,0.45087164640426636,0.21259024739265442,0.29026252031326294,-0.20850375294685364,-0.10517391562461853,0.2599201202392578,0.682854950428009,0.0016000893665477633,-0.001401243731379509,0.3096892833709717,-0.08686907589435577,-0.1338568478822708,0.13555006682872772,0.04472479224205017,0.353081613779068
-0.11314916610717773,0.012093688361346722,0.4931100606918335,0.04931553453207016,0.09403439611196518,-0.07354272156953812,0.1264571249485016,-0.05870326608419418,0.0038295313715934753,1.5186516975518316e-05,-0.5614367723464966,-0.051100824028253555,0.3920533061027527,0.19025500118732452,0.3248341679573059,-0.21067404747009277,-0.01743759959936142,0.25992682576179504,0.5112856030464172,0.006220630370080471,0.01651550829410553,0.2654481828212738,-0.27211394906044006,-0.10719604045152664,0.10569088160991669,-0.07265705615282059,0.17769578099250793
-0.08737564086914062,0.018642710521817207,0.501854419708252,0.05677584931254387,0.03374428302049637,-0.10382775962352753,0.44477421045303345,-0.07086563110351562,0.02882486954331398,-1.0276481589244213e-05,-0.5858446359634399,-0.06283867359161377,0.26823389530181885,0.19566360116004944,0.37383198738098145,-0.1767682582139969,0.06610685586929321,0.25629574060440063,0.22895820438861847,0.018503054976463318,0.04638669267296791,0.14735226333141327,-0.42060381174087524,-0.10892347246408463,0.013927701860666275,-0.17325949668884277,0.04084856063127518
-0.057686805725097656,0.03538006171584129,0.5064369440078735,0.053280994296073914,0.10221195966005325,-0.1379208266735077,0.3252049684524536,-0.08017440885305405,-0.014241300523281097,8.468747410006472e-07,-0.4883720278739929,-0.07437601685523987,0.2766079902648926,0.20096716284751892,0.024438731372356415,-0.16103364527225494,0.10498965531587601,0.2517434358596802,-0.1300414502620697,0.02374975010752678,0.0641937404870987,0.049277760088443756,-0.5310232639312744,-0.1343698501586914,-0.12599793076515198,-0.25571128726005554,-0.07907254993915558
-0.016277790069580078,0.0333021879196167,0.5132533311843872,0.06259125471115112,0.14571404457092285,-0.18258938193321228,-0.15591880679130554,-0.09310271590948105,-0.14841949939727783,0.01850053109228611,-0.2385304868221283,-0.09713834524154663,0.07221612334251404,0.06832628697156906,-0.5463376045227051,-0.1365552693605423,0.2205219864845276,0.2127659022808075,-1.0051825046539307,0.04774019122123718,0.15224531292915344,-4.720476863440126e-05,-0.8697339296340942,-0.14955006539821625,-0.5123915672302246,-0.21044805645942688,-0.2474186271429062
0.017858345061540604,0.002394032431766391,0.5137962102890015,0.09622497856616974,-0.12529096007347107,-0.21300481259822845,-0.26627156138420105,-0.10786665976047516,0.09637957066297531,0.05500631406903267,-0.1339130699634552,-0.1340639293193817,-0.029116883873939514,-0.135383740067482,0.29964184761047363,-0.09807002544403076,0.21388596296310425,0.16946522891521454,-0.8862692713737488,0.037334199994802475,0.13488918542861938,-8.02859285613522e-05,-0.6301025152206421,-0.08359244465827942,0.0413069874048233,-0.18800123035907745,-0.43571892380714417
0.05447135493159294,-0.009745121002197266,0.51938796043396,0.07230117917060852,-0.04004842787981033,-0.24331316351890564,-0.23990657925605774,-0.01824735850095749,0.1632271707057953,0.15360954403877258,-0.03283686935901642,-0.15518131852149963,0.0029019732028245926,-0.0650530755519867,0.15407560765743256,-0.07722699642181396,0.03281120955944061,0.12565802037715912,-0.4601530432701111,0.024435581639409065,0.08600853383541107,-1.6248962708687031e-07,-0.567571222782135,-0.028118731454014778,0.1599118560552597,-0.19411633908748627,-0.46193352341651917
0.08560702949762344,-0.007229804992675781,0.5276843905448914,0.02944355644285679,-0.11589464545249939,-0.25973811745643616,-0.43117430806159973,-0.008664845488965511,-0.04147941619157791,0.2339099943637848,-0.05427730828523636,-0.15489543974399567,0.020636048167943954,0.014278816059231758,-0.058549076318740845,-0.07152446359395981,0.20275865495204926,0.088589146733284,-0.39529111981391907,0.009138766676187515,0.12997278571128845,-1.487451845605392e-05,-0.5318363904953003,0.022897226735949516,0.038433559238910675,-0.22924435138702393,-0.4970628321170807
0.10724544525146484,-0.0018825531005859375,0.5351611375808716,-0.004813863430172205,-0.0747339278459549,-0.25955328345298767,-0.6057379841804504,-0.009568747133016586,0.027547035366296768,0.2716939151287079,0.05134022608399391,-0.15163932740688324,0.01174088940024376,0.015913711860775948,-0.07431554049253464,-0.06283552199602127,0.14421537518501282,0.062095265835523605,-0.37745848298072815,0.0010244083823636174,0.07704833149909973,5.812949439132353e-06,-0.5130740404129028,0.02492239698767662,0.0650475025177002,-0.24053947627544403,-0.46527501940727234
0.12693290412425995,0.005193651188164949,0.5396857261657715,-0.03619057685136795,-0.05291147530078888,-0.2596079707145691,-0.7513183951377869,-0.009089558385312557,0.04821106791496277,0.28731998801231384,0.1245637834072113,-0.1537657082080841,0.021886028349399567,0.027842435985803604,-0.16033898293972015,-0.05678272619843483,0.14615850150585175,0.03752155229449272,-0.3000032603740692,-0.004619474057108164,0.011939672753214836,-5.784565928479424e-07,-0.4923563003540039,0.02917737141251564,0.15479962527751923,-0.24956534802913666,-0.5197387933731079
0.1439162939786911,0.00892461184412241,0.542823076248169,-0.06790304183959961,-0.07543563097715378,-0.25959572196006775,-0.7179524302482605,-0.005226233508437872,0.03632427006959915,0.30459755659103394,0.12607412040233612,-0.15942072868347168,0.02301735430955887,0.05594998598098755,-0.17659898102283478,-0.04745015129446983,0.1390715092420578,0.01555049978196621,-0.28482237458229065,-0.010141514241695404,-0.04197709634900093,2.1386478692875244e-05,-0.4791748523712158,0.036957886070013046,0.290755033493042,-0.25566163659095764,-0.4860031306743622
0.15557564795017242,0.009832938201725483,0.5462427735328674,-0.10046577453613281,-0.06961791962385178,-0.25978338718414307,-0.714605987071991,-0.007306430488824844,-0.008118005469441414,0.3250623941421509,0.09041130542755127,-0.1632518470287323,0.019228875637054443,0.13239100575447083,-0.2274756133556366,-0.031917303800582886,0.10222700238227844,-0.0014813053421676159,-0.20906978845596313,-0.012360436841845512,-0.09197570383548737,4.530705700744875e-05,-0.4702962040901184,0.020060790702700615,0.3395860493183136,-0.23925469815731049,-0.40636786818504333
0.16264082491397858,0.010699492879211903,0.5524389743804932,-0.1381608545780182,-0.0591667965054512,-0.2598007321357727,-0.6136707663536072,-0.010271773673593998,-0.005477061495184898,0.3534628748893738,0.10883820056915283,-0.17306102812290192,0.006549205631017685,0.19790518283843994,-0.2023068517446518,-0.016416562721133232,0.09539606422185898,-0.01368928886950016,-0.36903199553489685,-0.017924839630723,-0.12289375066757202,7.717010157648474e-05,-0.4328196346759796,0.0028671547770500183,0.3717910349369049,-0.21873369812965393,-0.38586899638175964
0.1664324402809143,0.01036761049181223,0.5593326091766357,-0.1622430682182312,-0.0879191979765892,-0.25978562235832214,-0.5450483560562134,-0.012326321564614773,-0.0005152318626642227,0.3534558117389679,0.020873431116342545,-0.17425134778022766,0.007200777530670166,0.24659280478954315,-0.13000614941120148,0.0004224663134664297,0.1196865439414978,-0.022395525127649307,-0.4421294033527374,-0.024812648072838783,-0.08087030053138733,9.360379044665024e-05,-0.4550705552101135,-0.01447063684463501,0.2827147841453552,-0.19647696614265442,-0.4105851352214813
0.16659535467624664,0.009912672452628613,0.5667394995689392,-0.17839641869068146,-0.10672994703054428,-0.25978437066078186,-0.5169506669044495,-0.010196492075920105,0.007429198361933231,0.33460894227027893,0.003180999308824539,-0.1584734320640564,0.05700715258717537,0.3132752478122711,-0.09318773448467255,0.017443479970097542,0.15473023056983948,-0.027064083144068718,-0.31917428970336914,-0.032566603273153305,-0.06832204759120941,6.151166599011049e-05,-0.42921358346939087,-0.03189364820718765,0.2278033047914505,-0.17617526650428772,-0.3497334420681
0.16208916902542114,0.00933300144970417,0.5748688578605652,-0.19321675598621368,-0.10041689872741699,-0.2599254846572876,-0.43968528509140015,-0.005197235848754644,0.017498061060905457,0.31415119767189026,-0.011404499411582947,-0.139542818069458,0.08404520153999329,0.3531925082206726,-0.053943932056427,0.03476014360785484,0.15179301798343658,-0.026612941175699234,-0.22366753220558167,-0.041094183921813965,-0.06614048779010773,6.61925005260855e-05,-0.422258585691452,-0.04957290366292,0.18899454176425934,-0.152243509888649,-0.29772961139678955
0.15122388303279877,0.008518978022038937,0.5815660357475281,-0.20143945515155792,-0.08144324272871017,-0.258294939994812,-0.30692583322525024,0.002850052434951067,0.034984324127435684,0.2839908301830292,-0.12434293329715729,-0.12123546004295349,0.1079724058508873,0.391940176486969,0.038528747856616974,0.052227865904569626,0.19543658196926117,-0.0189560167491436,-0.13196131587028503,-0.0479801781475544,-0.07692494988441467,4.1126535506919026e-05,-0.4013672471046448,-0.066803477704525,0.3566545844078064,-0.12903353571891785,-0.19938527047634125
0.1310284584760666,0.008926858194172382,0.5865657329559326,-0.18873727321624756,-0.07313697785139084,-0.252901166677475,-0.3765696883201599,0.014735807664692402,0.037913091480731964,0.2072705179452896,-0.2200566530227661,-0.10318286716938019,0.0909830704331398,0.4592018723487854,0.04479839652776718,0.06807062029838562,0.17163527011871338,-0.00037958190659992397,-0.09965935349464417,-0.05205078795552254,-0.13530828058719635,7.142904360080138e-05,-0.4268330931663513,-0.08354313671588898,0.3846624791622162,-0.12681065499782562,-0.2267729789018631
0.10153163224458694,0.015582626685500145,0.5912209749221802,-0.17242474853992462,0.025530247017741203,-0.24356859922409058,-0.31876087188720703,0.03251030668616295,0.05783550813794136,0.11341917514801025,-0.29108744859695435,-0.12057670205831528,0.04552871733903885,0.45754945278167725,0.19279687106609344,0.07669045031070709,0.07399819791316986,0.028345532715320587,-0.113538958132267,-0.053675901144742966,-0.09176817536354065,5.1254744903417304e-05,-0.48358845710754395,-0.09943372756242752,0.16553576290607452,-0.12457428872585297,-0.21448875963687897
0.06313695013523102,0.025678811594843864,0.5960569381713867,-0.16410203278064728,0.16600818932056427,-0.22912104427814484,-0.1097220778465271,0.04131174460053444,0.027723655104637146,0.039404142647981644,-0.3606569170951843,-0.16044314205646515,-0.19380731880664825,0.35656920075416565,0.4583636522293091,0.0819665715098381,0.09013565629720688,0.06644140928983688,-0.05693835765123367,-0.053985513746738434,-0.055526718497276306,2.4827439119690098e-05,-0.41832512617111206,-0.11530540138483047,-0.0796719640493393,-0.12383159250020981,0.5478271245956421
0.009726704098284245,0.009431395679712296,0.5936557650566101,-0.12278273701667786,0.3569868505001068,-0.1770746260881424,0.5270312428474426,0.03930634632706642,-0.06044957786798477,-8.45970498630777e-05,-0.4661799669265747,-0.20399853587150574,-0.5341911911964417,0.15952202677726746,0.5381600260734558,0.06714639812707901,0.06753544509410858,0.11431131511926651,0.2764679193496704,-0.0550808310508728,-0.005930665880441666,0.10356593877077103,-0.12662844359874725,-0.18759901821613312,-0.2196761518716812,0.05030820891261101,1.0316251516342163
-0.02637624740600586,-0.041996002197265625,0.6015546917915344,-0.06508399546146393,0.2905798554420471,-0.14662794768810272,0.5977107882499695,0.03038145788013935,-0.14858952164649963,-5.91303603414417e-07,-0.39984458684921265,-0.10389122366905212,0.11436589062213898,0.22665126621723175,0.5003063678741455,0.10012699663639069,-0.1826743632555008,0.13944841921329498,0.4626114070415497,-0.04399631917476654,0.07223545014858246,0.18865951895713806,-0.2559952735900879,-0.26190322637557983,0.05812394246459007,0.27321675419807434,-0.15053381025791168
-0.0642848014831543,-0.08583354949951172,0.6040401458740234,-0.0001889323757495731,0.055262286216020584,-0.10871998965740204,0.2670956254005432,0.03333244100213051,-0.08421287685632706,-4.851602625421947e-06,-0.5138534307479858,-0.10200078785419464,0.2022702842950821,0.21389427781105042,0.30935823917388916,0.13135240972042084,-0.04534575343132019,0.17119847238063812,0.42842909693717957,-0.01869136653840542,0.03215758129954338,0.22392059862613678,-0.16359040141105652,-0.2936156988143921,0.12137065827846527,0.35837358236312866,-0.014892159029841423
-0.09650802612304688,-0.10724830627441406,0.6016798615455627,0.04535844177007675,-0.10579244047403336,-0.07701125741004944,0.22871482372283936,0.03286305442452431,-0.012862171977758408,-2.9405828172457404e-06,-0.5111888647079468,-0.14302514493465424,0.27936023473739624,0.21113182604312897,0.43036597967147827,0.13178710639476776,0.03134864196181297,0.1994815617799759,0.28612783551216125,-0.0056490665301680565,-0.007409349083900452,0.23743334412574768,-0.029925193637609482,-0.29647669196128845,0.15858431160449982,0.4009023904800415,0.05417691171169281
-0.12345314025878906,-0.1047215461730957,0.5951998829841614,0.06375207751989365,-0.17378593981266022,-0.05212914198637009,0.16857761144638062,0.028258290141820908,0.04395148530602455,-4.4766653672922985e-07,-0.5229343175888062,-0.18765273690223694,0.41135191917419434,0.23839682340621948,0.4585767984390259,0.09895581007003784,0.08059367537498474,0.2240094393491745,0.19082540273666382,-0.002694922499358654,-0.027429232373833656,0.23849056661128998,0.0011986568570137024,-0.2716986835002899,0.17511139810085297,0.4146910309791565,0.1127924993634224
-0.14935779571533203,-0.081939697265625,0.5888796448707581,0.04944838210940361,-0.15915757417678833,-0.02839064784348011,0.04254203289747238,0.027905523777008057,0.07792902737855911,-2.56156999967061e-06,-0.5518357157707214,-0.1717946082353592,0.45300471782684326,0.2888362407684326,0.48966485261917114,0.04054448753595352,0.08112841099500656,0.2487059235572815,0.29391753673553467,-0.00648692948743701,-0.03293364495038986,0.23264017701148987,0.0001693032681941986,-0.2237178534269333,0.18600855767726898,0.40950682759284973,0.23011834919452667
-0.16838550567626953,-0.05498933792114258,0.5858739018440247,0.022036388516426086,-0.06643635779619217,-0.012588032521307468,-0.03242471069097519,0.03128425031900406,0.0628235936164856,3.51575476997823e-06,-0.5628491044044495,-0.103798508644104,0.4876965284347534,0.3593188524246216,0.5602913498878479,-0.02187344990670681,0.01650504767894745,0.25940945744514465,0.5784531831741333,-0.012316851876676083,-0.006541920825839043,0.22960813343524933,0.04682876542210579,-0.19399747252464294,0.12615154683589935,0.469209223985672,0.33981558680534363
-0.18320655822753906,-0.03294992446899414,0.5867406129837036,-0.003140580141916871,-0.02293274737894535,-0.002457216614857316,0.14267219603061676,0.03780050948262215,0.04100944101810455,-1.90921332432481e-06,-0.5804966688156128,-0.005506832618266344,0.38666069507598877,0.4190187454223633,0.5717848539352417,-0.08101236075162888,-0.010302111506462097,0.2597717344760895,0.8039712309837341,-0.009968592785298824,-0.005981758236885071,0.24284349381923676,0.07861603796482086,-0.17807328701019287,0.04241311922669411,0.35667869448661804,0.5310567617416382
-0.19594383239746094,-0.019208908081054688,0.5897108316421509,-0.009619250893592834,0.03802938014268875,0.008284857496619225,0.30040594935417175,0.04359956458210945,0.025970466434955597,-6.410205241991207e-05,-0.5769305229187012,0.020683513954281807,0.2119581699371338,0.34133559465408325,0.490043580532074,-0.1358252316713333,-0.05509870499372482,0.2585688531398773,0.6168214082717896,-0.005733442958444357,-0.01062676403671503,0.28104087710380554,0.08274726569652557,-0.18488773703575134,-0.006486054509878159,0.23215623199939728,0.5221858024597168
-0.19832992553710938,-0.010833263397216797,0.59678053855896,-0.004712974186986685,0.04541099816560745,0.007165450137108564,0.19459079205989838,0.03727548196911812,0.08337315917015076,-4.207295933156274e-05,-0.5879421234130859,0.008321557193994522,0.18636417388916016,0.2808647155761719,0.4064369797706604,-0.17279641330242157,-0.05073225498199463,0.2576063275337219,0.6353781819343567,-1.3616773685498629e-05,-0.037153031677007675,0.3056335151195526,0.07875728607177734,-0.1844148188829422,0.021891791373491287,0.14852602779865265,0.4694722890853882
-0.19342279434204102,-0.005795478820800781,0.6070411801338196,0.004058567341417074,0.08914248645305634,-0.00283231888897717,0.20212770998477936,0.02672874927520752,0.13681288063526154,-2.403680446150247e-05,-0.557820737361908,-0.003625842509791255,0.31092512607574463,0.26474428176879883,0.36369049549102783,-0.19446684420108795,-0.06049852818250656,0.25976619124412537,0.5814340710639954,-0.0006494520930573344,-0.03483133390545845,0.3170224130153656,0.0774642825126648,-0.18470874428749084,0.06221610680222511,0.09457120299339294,0.3674323856830597
-0.18173742294311523,-0.0021681785583496094,0.6183741688728333,0.01467357948422432,0.16805294156074524,-0.020861728116869926,0.005022326484322548,0.014681733213365078,0.1215280070900917,-1.2975410754734185e-05,-0.49688827991485596,-0.01565374806523323,0.3892782926559448,0.26733890175819397,0.3257971405982971,-0.2067563235759735,-0.10939514636993408,0.2597683370113373,0.542262613773346,-0.00322532095015049,-0.0465441457927227,0.3200647234916687,0.016690701246261597,-0.17918217182159424,0.09023582935333252,0.055289410054683685,0.31647613644599915
-0.16630125045776367,-0.0019783973693847656,0.6276440620422363,0.029915275052189827,0.2358587384223938,-0.04244615137577057,-0.0902455672621727,0.0050513227470219135,0.07058116793632507,-4.924984750687145e-06,-0.5350409746170044,-0.02931296080350876,0.33438825607299805,0.24874244630336761,0.2946467995643616,-0.19558247923851013,-0.14879639446735382,0.2597425878047943,0.5870237946510315,-0.014824474230408669,-0.043335989117622375,0.27299049496650696,-0.15555183589458466,-0.1218361184000969,0.13364768028259277,-0.0009104165364988148,0.18253089487552643
-0.1425175666809082,0.0007369357626885176,0.630168616771698,0.04274940863251686,0.05523782968521118,-0.07325950264930725,0.054518066346645355,0.0003829782654065639,-0.003410074859857559,-5.189976491237758e-06,-0.5789825916290283,-0.04425090178847313,0.3648928999900818,0.21769484877586365,0.35938000679016113,-0.1872396618127823,-0.025995120406150818,0.25976818799972534,0.5955654382705688,-0.017411552369594574,-0.005788737442344427,0.21904529631137848,-0.26500463485717773,-0.09573113173246384,0.06881527602672577,-0.1289600431919098,0.11910427361726761
-0.1075754165649414,0.007788214832544327,0.6276336312294006,0.05119987577199936,-0.06438595056533813,-0.11771160364151001,0.2660072445869446,-0.001631564344279468,0.02935553714632988,2.907767157012131e-05,-0.6419879198074341,-0.05997937172651291,0.31177282333374023,0.22478002309799194,0.40260088443756104,-0.18358634412288666,0.14478343725204468,0.25934261083602905,0.4314883053302765,-0.016179054975509644,0.025574756786227226,0.16512076556682587,-0.33276376128196716,-0.09876253455877304,-0.022338759154081345,-0.23092417418956757,-0.03993856906890869
-0.06670713424682617,0.016150284558534622,0.6284685134887695,0.058753956109285355,-0.04204919934272766,-0.16780883073806763,0.18529018759727478,-0.008276518434286118,0.016770966351032257,4.1477840568404645e-05,-0.5525429844856262,-0.075037382543087,0.250731498003006,0.23380249738693237,0.08149866759777069,-0.16047698259353638,0.21825236082077026,0.25982046127319336,0.3452702462673187,-0.008633090183138847,0.03759341314435005,0.07847096771001816,-0.4844309091567993,-0.15365882217884064,-0.18914516270160675,-0.30547231435775757,-0.2611437141895294
-0.0325474739074707,0.02156907133758068,0.6325412392616272,0.07011398673057556,0.11722332239151001,-0.2079501450061798,0.01179092563688755,-0.018710481002926826,-0.07363361865282059,6.270351877901703e-05,-0.21421994268894196,-0.08973614126443863,0.020432405173778534,0.18351732194423676,-0.6865217685699463,-0.12633784115314484,0.27865588665008545,0.23319154977798462,-0.6792544722557068,0.017073990777134895,0.1513763964176178,-4.415519015310565e-06,-0.8066750764846802,-0.08585532009601593,-0.44237199425697327,-0.21469646692276,-0.5033228993415833
-0.014098167419433594,0.01646149903535843,0.6320264935493469,0.09399525076150894,-0.07668209820985794,-0.22680462896823883,-0.40084582567214966,-0.028212599456310272,-0.0662267655134201,3.5355980799067765e-05,-0.11488442122936249,-0.10681652277708054,-0.08174185454845428,0.053311847150325775,-0.35804152488708496,-0.11160925030708313,0.3080955445766449,0.21060341596603394,-1.3484106063842773,0.01258289348334074,0.21152862906455994,-1.9837310901493765e-05,-0.7032827138900757,-0.04084581881761551,0.00038105621933937073,-0.19612884521484375,-0.5716923475265503
0.003573270747438073,0.014959815889596939,0.6382704973220825,0.06567168980836868,-0.08398082107305527,-0.24728679656982422,-0.5773833394050598,-0.017011765390634537,-0.0007496960461139679,0.09832058101892471,-0.025855787098407745,-0.15610548853874207,-0.08009117096662521,-0.0294673852622509,0.13478685915470123,-0.09625498205423355,0.21414369344711304,0.1881616860628128,-1.3598002195358276,0.005228137597441673,0.18493832647800446,-1.9239247194491327e-05,-0.6663837432861328,-0.02532024309039116,0.040554892271757126,-0.19246143102645874,-0.4428454637527466
0.01964430883526802,0.010234362445771694,0.6425679326057434,0.04308369383215904,-0.042793650180101395,-0.2598646581172943,-0.22174546122550964,-0.01243806816637516,0.009209437295794487,0.17420735955238342,-0.0673566609621048,-0.17183466255664825,-0.01582793891429901,-0.09283996373414993,0.23706327378749847,-0.07521244883537292,0.10976676642894745,0.16748046875,-0.7623785734176636,0.0013417855370789766,0.09268605709075928,-6.615800316467357e-07,-0.6107774972915649,-0.02369908057153225,-0.03613797947764397,-0.19369898736476898,-0.4777308702468872
0.03335057571530342,0.01294257864356041,0.6470708847045898,0.004490463528782129,-0.04210826754570007,-0.25967347621917725,-0.31832846999168396,-0.0064295209012925625,0.0026999469846487045,0.25132861733436584,0.08446936309337616,-0.17946287989616394,-0.01182965561747551,-0.09193113446235657,0.20271144807338715,-0.06494209170341492,0.07426208257675171,0.1508861780166626,-0.6988440752029419,-0.007505930028855801,0.05706716328859329,2.4553694402129622e-06,-0.5323905348777771,-0.004309807438403368,0.0335879772901535,-0.23404750227928162,-0.5962462425231934
0.0507543571293354,0.017257722094655037,0.6496798992156982,-0.03071010299026966,-0.12849967181682587,-0.2597684860229492,-0.49978917837142944,-0.0010336021659895778,0.021360598504543304,0.30653348565101624,0.15427081286907196,-0.17871245741844177,-0.015342120081186295,-0.14109928905963898,0.1201377883553505,-0.05780397728085518,0.17361116409301758,0.12960197031497955,-0.6017249226570129,-0.016715480014681816,0.018276704475283623,9.561221304466017e-06,-0.4797563850879669,0.02406492829322815,0.1552831083536148,-0.270202100276947,-0.578577995300293
0.07027751952409744,0.02111303061246872,0.6543149948120117,-0.07263434678316116,-0.16180410981178284,-0.259748637676239,-0.610950767993927,0.004058341030031443,0.02833981066942215,0.3672824800014496,0.18272972106933594,-0.17901138961315155,0.00220366008579731,-0.2222491055727005,0.05857819318771362,-0.04644038528203964,0.1992153525352478,0.10369150340557098,-0.45269110798835754,-0.020420486107468605,-0.022777538746595383,5.3368716180557385e-05,-0.4685008227825165,0.022014237940311432,0.2861041724681854,-0.25462865829467773,-0.5712448358535767
0.0878043994307518,0.023382553830742836,0.6580346822738647,-0.10615525394678116,-0.16565701365470886,-0.2598515748977661,-0.6257203221321106,0.0038645314052700996,0.013894744217395782,0.4028855562210083,0.10879260301589966,-0.17447379231452942,0.008040779270231724,-0.2667749524116516,-0.03739709407091141,-0.031563274562358856,0.19237437844276428,0.07988901436328888,-0.4488793909549713,-0.021624203771352768,-0.06295580416917801,5.012883775634691e-05,-0.44414022564888,0.004532244987785816,0.317783385515213,-0.250296413898468,-0.4651341736316681
0.1043374165892601,0.02615528553724289,0.6622626781463623,-0.134664848446846,-0.14575499296188354,-0.25983619689941406,-0.6403923630714417,0.003432587953284383,0.013405811972916126,0.4162130653858185,0.10113877058029175,-0.17116127908229828,0.01322619803249836,-0.28488776087760925,-0.11943936347961426,-0.017499225214123726,0.17314216494560242,0.056824758648872375,-0.3591334819793701,-0.024171991273760796,-0.08852684497833252,7.430317054968327e-05,-0.4375402331352234,-0.01275756023824215,0.30031073093414307,-0.25026559829711914,-0.3914877474308014
0.11967889219522476,0.027929656207561493,0.6676529049873352,-0.15686585009098053,-0.14121514558792114,-0.2598191499710083,-0.6046656966209412,0.0012482191668823361,0.008976032957434654,0.4097914695739746,0.022514548152685165,-0.17003461718559265,0.015026357024908066,-0.27603480219841003,-0.18915963172912598,-0.0022265887819230556,0.20689064264297485,0.03440595418214798,-0.26686403155326843,-0.028420092537999153,-0.05234391614794731,6.610771379200742e-05,-0.43015119433403015,-0.030417777597904205,0.31182900071144104,-0.23792628943920135,-0.38812294602394104
0.1318952590227127,0.027965344488620758,0.6718164682388306,-0.16612522304058075,-0.13629178702831268,-0.2598089575767517,-0.5912243723869324,0.0004957726341672242,0.017582355067133904,0.3717523515224457,-0.02360093966126442,-0.15939341485500336,0.0365271121263504,-0.2115345448255539,-0.2400934249162674,0.014786326326429844,0.20959602296352386,0.014894099906086922,-0.16325129568576813,-0.03215176984667778,-0.04104965552687645,7.076223118929192e-05,-0.4041500985622406,-0.0477881133556366,0.32195085287094116,-0.21349912881851196,-0.34974437952041626
0.1373559534549713,0.02903035469353199,0.6764570474624634,-0.1805114597082138,-0.1264880746603012,-0.25966402888298035,-0.47273439168930054,0.00037718398380093277,0.025441167876124382,0.336972713470459,-0.045123424381017685,-0.15341654419898987,0.08340936154127121,-0.05847303196787834,-0.24585901200771332,0.030283089727163315,0.18958070874214172,0.0028139441274106503,-0.148275688290596,-0.036663711071014404,-0.05518689379096031,7.677546091144904e-05,-0.3914840519428253,-0.06467710435390472,0.3446834683418274,-0.1858493536710739,-0.2764483392238617
0.13631899654865265,0.029384402558207512,0.6812272071838379,-0.19414851069450378,-0.09556987136602402,-0.2589641809463501,-0.3070639371871948,0.003217157209292054,0.017675109207630157,0.29847580194473267,-0.10720723867416382,-0.1353428214788437,0.1181008368730545,0.12362982332706451,-0.13727526366710663,0.046448614448308945,0.17505012452602386,-0.002118572359904647,-0.10776166617870331,-0.04153543710708618,-0.11565560102462769,7.354289118666202e-05,-0.4091174006462097,-0.08154749125242233,0.3017319142818451,-0.152235746383667,-0.19541345536708832
0.1255415380001068,0.029105152934789658,0.6860670447349548,-0.1962699592113495,-0.02818041481077671,-0.25303277373313904,-0.3077646493911743,0.006734001450240612,0.017596108838915825,0.2364993840456009,-0.20011286437511444,-0.11265438795089722,0.11835271120071411,0.2486324906349182,-0.04415751248598099,0.06348490715026855,0.13069681823253632,0.004495889879763126,0.0034794039092957973,-0.046177297830581665,-0.13505491614341736,8.241659816121683e-05,-0.42495936155319214,-0.09874175488948822,0.27517569065093994,-0.1269727498292923,-0.18041172623634338
0.10224200785160065,0.031248681247234344,0.6905776858329773,-0.1899922639131546,0.006925208959728479,-0.2385895997285843,-0.3316488265991211,0.017249103635549545,0.04822029173374176,0.15609872341156006,-0.32685697078704834,-0.11462243646383286,0.032313793897628784,0.3385283350944519,0.14233814179897308,0.07789243012666702,0.10907375812530518,0.025969255715608597,-0.11936087161302567,-0.0488114207983017,-0.12187781929969788,5.272236012388021e-05,-0.4329685568809509,-0.11568291485309601,0.3168720602989197,-0.12251179665327072,-0.19530896842479706
0.06965770572423935,0.03549831733107567,0.6958540081977844,-0.18851163983345032,0.16041980683803558,-0.2203691452741623,-0.2603614330291748,0.026109587401151657,0.048161257058382034,0.08983509242534637,-0.3826080560684204,-0.14536473155021667,-0.21852147579193115,0.428907573223114,0.4293622374534607,0.09028341621160507,0.08409804105758667,0.057453613728284836,0.07631134986877441,-0.05049510300159454,-0.11319385468959808,4.1763294575503096e-05,-0.41217559576034546,-0.13292092084884644,-0.01268809288740158,-0.12088780105113983,0.4714181125164032
0.019816163927316666,0.010861929506063461,0.6912264227867126,-0.11585891246795654,0.4107528030872345,-0.16696768999099731,0.4748638868331909,0.042632728815078735,-0.044304538518190384,-7.721308065811172e-06,-0.49680864810943604,-0.09604808688163757,-0.5243232846260071,0.24035930633544922,0.5661144852638245,0.08545281738042831,0.032870206981897354,0.10117635875940323,0.32411226630210876,-0.04949764907360077,-0.0638667643070221,0.10461429506540298,-0.17957493662834167,-0.2076273113489151,-0.2915518581867218,0.05803298577666283,1.1094682216644287
-0.03235578536987305,-0.016351699829101562,0.7022492289543152,-0.08457888662815094,0.31016361713409424,-0.11059615015983582,0.5359401106834412,0.056330639868974686,-0.1425238847732544,2.352993988097296e-06,-0.39385080337524414,0.00043928317609243095,0.14483647048473358,0.15646933019161224,0.3969913721084595,0.07896296679973602,-0.2427820861339569,0.15167024731636047,0.4336124062538147,-0.006547888740897179,0.08115878701210022,0.19375020265579224,-0.1682792752981186,-0.19523859024047852,0.053408585488796234,-0.15497416257858276,-0.1564418524503708
-0.07482004165649414,-0.029765605926513672,0.7127198576927185,-0.0665714368224144,0.31357845664024353,-0.0674479529261589,0.40360593795776367,0.052323438227176666,-0.12353595346212387,5.038681933910993e-07,-0.49586349725723267,0.08684177696704865,-0.026447776705026627,0.15416693687438965,0.4582253694534302,0.05362650379538536,-0.17577843368053436,0.1952776163816452,0.2976042926311493,-0.00466561084613204,-0.017061088234186172,0.2498384565114975,-0.11669608950614929,-0.15554867684841156,0.05317632108926773,-0.3100022077560425,-0.0019398704171180725
-0.09335756301879883,-0.03644227981567383,0.720589816570282,-0.04332407936453819,0.032308705151081085,-0.052435312420129776,0.47245001792907715,0.0426613986492157,-0.033718712627887726,-4.524676569417352e-06,-0.5094190239906311,0.06775686144828796,0.008791595697402954,0.174027681350708,0.3287820816040039,0.020424464717507362,-0.006314929574728012,0.2122182548046112,0.24903671443462372,-0.004861744586378336,-0.014694616198539734,0.27838993072509766,0.080987349152565,-0.13460862636566162,0.07209458947181702,-0.39969703555107117,-0.1564955711364746
-0.11572122573852539,-0.029095172882080078,0.7253599762916565,-0.03762826323509216,-0.11262954026460648,-0.03069385513663292,0.6767340302467346,0.03663511574268341,0.05460318177938461,-4.171628097537905e-05,-0.5600161552429199,0.0615403950214386,0.0490487664937973,0.178811177611351,0.42602622509002686,-0.037287045270204544,0.11286956071853638,0.23843128979206085,0.4039888083934784,0.009335391223430634,0.020839836448431015,0.31512242555618286,0.12678080797195435,-0.11774705350399017,0.0760810375213623,-0.4372594654560089,-0.1699979305267334
-0.13399505615234375,-0.02059650421142578,0.7318480014801025,-0.032491907477378845,0.09143394976854324,-0.013203280046582222,0.1864067018032074,0.02810012921690941,0.008951883763074875,-4.295902908779681e-05,-0.5239421129226685,0.04907204210758209,0.05347549915313721,0.19298863410949707,0.4707072973251343,-0.08262035250663757,-0.004088908433914185,0.25989365577697754,0.3970186412334442,0.0024056758265942335,-0.019186072051525116,0.3332262337207794,0.03779349848628044,-0.12403697520494461,0.0486445315182209,-0.42028120160102844,-0.23669429123401642
-0.14043760299682617,-0.015964984893798828,0.738385796546936,-0.022228071466088295,0.0761246457695961,-0.01076221652328968,0.40652304887771606,0.019972659647464752,0.017542008310556412,-4.722139419754967e-05,-0.5344475507736206,0.03524557873606682,0.12027633190155029,0.24301040172576904,0.49645042419433594,-0.11249218881130219,-0.045754581689834595,0.2598423957824707,0.5923084020614624,0.0027196481823921204,-0.006227109581232071,0.3371618986129761,0.06784476339817047,-0.13322380185127258,0.024686072021722794,-0.30917608737945557,-0.1378168761730194
-0.14703989028930664,-0.012685298919677734,0.7437412142753601,-0.009658515453338623,0.08661731332540512,-0.00651247613132,0.3983074426651001,0.013685578480362892,0.07552704960107803,-3.951132748625241e-05,-0.5129959583282471,0.020251333713531494,0.25997835397720337,0.257950097322464,0.5103580951690674,-0.13636748492717743,-0.07537002861499786,0.2597932517528534,0.5337197184562683,0.0027791005559265614,-0.014808855950832367,0.33892372250556946,0.07538112998008728,-0.14283794164657593,-0.004687901586294174,-0.1647120714187622,0.009234720841050148
-0.15002727508544922,-0.009875774383544922,0.7472898960113525,0.003759086364880204,0.1331436038017273,-0.005687412340193987,0.33066999912261963,0.009384154342114925,0.061374735087156296,-1.275645354326116e-05,-0.4533229470252991,0.004642220679670572,0.36233627796173096,0.2699132561683655,0.49781912565231323,-0.15960043668746948,-0.08587507158517838,0.2597810626029968,0.5890660285949707,0.009467902593314648,0.006898656487464905,0.34569451212882996,0.07733553647994995,-0.16160018742084503,-0.003250952810049057,-0.032352495938539505,0.10999711602926254
-0.1503748893737793,-0.006293773651123047,0.7507166862487793,0.016064217314124107,0.0730910375714302,-0.007219160906970501,0.3774605989456177,0.005112864077091217,0.055768534541130066,-1.188413989439141e-05,-0.5021945834159851,-0.010633016936480999,0.335746169090271,0.2794671356678009,0.47077059745788574,-0.17882314324378967,-0.05917239934206009,0.25978851318359375,0.5519599318504333,9.87695821095258e-05,-0.03812474384903908,0.3438173532485962,0.06011708453297615,-0.16386441886425018,0.036513928323984146,0.0634833425283432,0.2279847115278244
-0.14791154861450195,-0.0006356239318847656,0.7543017268180847,0.025660116225481033,0.02752361260354519,-0.011258753947913647,0.2589685022830963,0.000569815980270505,0.10062848776578903,1.1081541742896661e-05,-0.5264878869056702,-0.025246955454349518,0.3696215748786926,0.2797260880470276,0.4102707505226135,-0.19520224630832672,-0.015026155859231949,0.259770929813385,0.517734169960022,-0.004129042383283377,-0.00639757327735424,0.3360595703125,0.06312519311904907,-0.1597065031528473,0.051050249487161636,0.1319475620985031,0.28256890177726746
-0.14192819595336914,0.006265753880143166,0.7579188346862793,0.03363899141550064,0.16782549023628235,-0.018683500587940216,0.0957745686173439,-0.004212032072246075,0.045825667679309845,-4.794969754584599e-06,-0.4646649658679962,-0.03948405012488365,0.45548421144485474,0.2741073966026306,0.3662458658218384,-0.2088179588317871,-0.11909262835979462,0.2597622573375702,0.5021789073944092,-0.004656523000448942,-0.027736598625779152,0.327648788690567,0.003326941281557083,-0.1573430299758911,0.07593362033367157,0.1591605842113495,0.3011085093021393
-0.13273143768310547,0.013250745832920074,0.7622060179710388,0.041330862790346146,0.20258933305740356,-0.028984352946281433,-0.15450537204742432,-0.00963620375841856,0.0449228435754776,2.4962240786408074e-05,-0.48464521765708923,-0.05345475301146507,0.5422942042350769,0.25860679149627686,0.25787079334259033,-0.21545499563217163,-0.09857037663459778,0.25976407527923584,0.5297797322273254,-0.006008803844451904,-0.023075729608535767,0.3118024170398712,-0.15879742801189423,-0.14919598400592804,0.12637291848659515,0.14184483885765076,0.2254876047372818
-0.11876392364501953,0.019861437380313873,0.7674216032028198,0.04922089725732803,0.18050488829612732,-0.04402846843004227,-0.2646275758743286,-0.01612824574112892,0.06633365899324417,8.010938472580165e-05,-0.49111488461494446,-0.06715402752161026,0.5600862503051758,0.2310849279165268,0.23333740234375,-0.2033022791147232,-0.05284330993890762,0.2594164311885834,0.5359305739402771,-0.0035954515915364027,-0.004969404079020023,0.2587185204029083,-0.2730066776275635,-0.1224893108010292,0.1370004117488861,0.060226790606975555,0.14509962499141693
-0.09528970718383789,0.029913896694779396,0.7759828567504883,0.053005367517471313,0.1059289425611496,-0.06924755871295929,-0.09005077928304672,-0.027297450229525566,0.040177151560783386,7.553529576398432e-05,-0.5089263916015625,-0.07939673215150833,0.42429399490356445,0.20117288827896118,0.2987479567527771,-0.15365713834762573,0.008891303092241287,0.2560831606388092,0.45138564705848694,0.008580030873417854,0.01911315880715847,0.11891365051269531,-0.3953174948692322,-0.13840429484844208,0.003264348953962326,-0.11066591739654541,0.057945616543293
-0.05571413040161133,0.047352343797683716,0.7849363088607788,0.04824357107281685,0.12167222797870636,-0.11232432723045349,-0.10097210109233856,-0.041187793016433716,-0.04137813672423363,7.923792145447806e-05,-0.45192480087280273,-0.08980575948953629,0.3195587992668152,0.16580724716186523,-0.07083698362112045,-0.11975101381540298,0.09137656539678574,0.2388865202665329,0.2626461684703827,0.02482064627110958,0.05517612770199776,2.0019068358578807e-07,-0.48913994431495667,-0.2607443928718567,-0.17909647524356842,-0.2766668498516083,-0.08860263973474503
-0.02240896224975586,0.05452500283718109,0.7845364809036255,0.051024097949266434,0.07302248477935791,-0.14761655032634735,-0.3155196011066437,-0.045511502772569656,-0.0966084823012352,0.009612297639250755,-0.14112645387649536,-0.10874078422784805,-0.03291527181863785,0.0757903978228569,-0.6347428560256958,-0.13018690049648285,0.22224238514900208,0.20460852980613708,-1.1072405576705933,0.03012770414352417,0.16618050634860992,-8.185114711523056e-05,-0.8077165484428406,-0.18221494555473328,-0.3884437084197998,-0.1882351189851761,-0.10557427257299423
0.010480357334017754,0.044327519834041595,0.7853720188140869,0.0483267642557621,-0.12823650240898132,-0.18302921950817108,-0.35726654529571533,-0.016545217484235764,0.05116334557533264,0.0683540627360344,-0.224269837141037,-0.138864204287529,-0.021963898092508316,-0.024677561596035957,0.11131968349218369,-0.11826939880847931,0.31544992327690125,0.1672106832265854,-0.9892269372940063,0.015513477846980095,0.20245088636875153,-2.7967469577561133e-05,-0.6715123653411865,-0.08897782117128372,0.02846870943903923,-0.18015719950199127,-0.4971122443675995
0.04255826398730278,0.03236416354775429,0.7866416573524475,0.038410164415836334,-0.014390619471669197,-0.21554790437221527,-0.20562739670276642,-0.0028447944205254316,0.009134054183959961,0.12528158724308014,-0.15539060533046722,-0.12926428020000458,0.06355422735214233,-0.12475831806659698,0.15214042365550995,-0.10147131234407425,0.1029287576675415,0.13051484525203705,-0.6686669588088989,0.006100291386246681,0.1224672943353653,-2.9423974410747178e-05,-0.5842354893684387,-0.009843897074460983,0.019141022115945816,-0.20709827542304993,-0.5968416333198547
0.07009893655776978,0.02486298978328705,0.7889900803565979,0.0035010268911719322,-0.06233050674200058,-0.2439766824245453,-0.441906213760376,0.007669710088521242,0.01936323568224907,0.2132573425769806,-0.01426764577627182,-0.14358533918857574,0.0166432224214077,-0.2035835087299347,0.04804582893848419,-0.0841907411813736,0.15243445336818695,0.09821553528308868,-0.43683111667633057,-0.004747071769088507,0.12564846873283386,5.211852112552151e-06,-0.5088819265365601,0.033544015139341354,-0.006514467298984528,-0.2406720519065857,-0.5274073481559753
0.08795061707496643,0.016398848965764046,0.7877268195152283,-0.022868920117616653,-0.13903626799583435,-0.25980013608932495,-0.4649849236011505,0.014972840435802937,-0.0018892614170908928,0.27434495091438293,0.02087048813700676,-0.1534470170736313,0.019110048189759254,-0.28626498579978943,0.025179028511047363,-0.061666760593652725,0.17201906442642212,0.07712043821811676,-0.48601290583610535,-0.006834281608462334,0.05648888647556305,-2.97170572594041e-06,-0.49111858010292053,0.04166528210043907,0.012395141646265984,-0.28338655829429626,-0.43946999311447144
0.09969942271709442,0.013982548378407955,0.7898659706115723,-0.06122569739818573,-0.1207253560423851,-0.2597923278808594,-0.6062121987342834,0.01488079410046339,0.013878466561436653,0.3335546553134918,0.13159653544425964,-0.15979699790477753,0.006894383579492569,-0.3077804744243622,-0.043364208191633224,-0.042811814695596695,0.1342838853597641,0.06256785243749619,-0.5948243737220764,-0.008583172224462032,-0.028200555592775345,-5.59979025638313e-06,-0.497178316116333,0.02757956273853779,0.15058133006095886,-0.30257701873779297,-0.5230270028114319
0.11170949041843414,0.016068004071712494,0.7931244373321533,-0.09552815556526184,-0.10454650968313217,-0.25980067253112793,-0.5967504382133484,0.009903405793011189,0.0034797359257936478,0.36155688762664795,0.04605112597346306,-0.16085484623908997,0.009937167167663574,-0.3252200782299042,-0.0958394855260849,-0.02854498289525509,0.13057644665241241,0.04669772461056709,-0.4004005491733551,-0.010320928879082203,-0.03892022743821144,2.870088428608142e-05,-0.48189419507980347,0.010822177864611149,0.26552504301071167,-0.3018586039543152,-0.5370239615440369
0.12229381501674652,0.019628183916211128,0.7971187233924866,-0.1223367378115654,-0.06815320998430252,-0.2597960829734802,-0.6025377511978149,0.0031085144728422165,0.002018444240093231,0.36232295632362366,0.05341428145766258,-0.15805694460868835,0.028614770621061325,-0.31151148676872253,-0.17166878283023834,-0.01595480367541313,0.12835311889648438,0.03185143321752548,-0.4128352105617523,-0.01287850271910429,-0.06198057532310486,6.726735591655597e-05,-0.4462090730667114,-0.0058505237102508545,0.29958224296569824,-0.2953122556209564,-0.4938947856426239
0.1301807016134262,0.02281021513044834,0.802001953125,-0.1465068906545639,-0.05581241846084595,-0.2597716748714447,-0.6021776795387268,-0.0021346595603972673,-0.0053893160074949265,0.35604938864707947,0.06877291202545166,-0.15843133628368378,0.024795398116111755,-0.24982500076293945,-0.208821102976799,-0.003003162331879139,0.10022462904453278,0.019617600366473198,-0.4780983328819275,-0.016773374751210213,-0.0536811538040638,7.802430627634749e-05,-0.44390326738357544,-0.0225985087454319,0.2787993252277374,-0.28773078322410583,-0.4779025614261627
0.13586387038230896,0.025469616055488586,0.8064730763435364,-0.1686171144247055,-0.10457980632781982,-0.2597840428352356,-0.5403305888175964,-0.0034995232708752155,-0.0003028586506843567,0.3473653197288513,0.038586948066949844,-0.16031715273857117,0.0208539180457592,-0.15154589712619781,-0.21778690814971924,0.010342727415263653,0.13634644448757172,0.009285764768719673,-0.5217182040214539,-0.020526574924588203,-0.06546178460121155,7.265593012562022e-05,-0.4360922574996948,-0.03909480571746826,0.2774450480937958,-0.27612200379371643,-0.4582916796207428
0.14055420458316803,0.02733955904841423,0.8098042011260986,-0.1875522881746292,-0.12562662363052368,-0.2597503364086151,-0.4559481143951416,-0.0011185274925082922,0.015092620626091957,0.33444926142692566,0.007858801633119583,-0.15578076243400574,0.04911206290125847,-0.04284423962235451,-0.18305379152297974,0.024134492501616478,0.17148545384407043,-0.0010128295980393887,-0.37326499819755554,-0.02308657579123974,-0.08786611258983612,9.889611828839406e-05,-0.40281593799591064,-0.05495206639170647,0.4075316786766052,-0.24634729325771332,-0.3916357457637787
0.14207012951374054,0.028770366683602333,0.8126489520072937,-0.20301318168640137,-0.1359928399324417,-0.25973454117774963,-0.49828284978866577,0.0031658359803259373,0.029024256393313408,0.3138413727283478,-0.044116515666246414,-0.13769996166229248,0.09823855757713318,0.09986746311187744,-0.1978050023317337,0.03801992908120155,0.2007555365562439,-0.008423136547207832,-0.08047395944595337,-0.02534938044846058,-0.08342872560024261,0.0001124398477259092,-0.3875695466995239,-0.07037246972322464,0.4119015336036682,-0.2036503255367279,-0.3054133653640747
0.13748036324977875,0.02922711707651615,0.8164961338043213,-0.2100905030965805,-0.12073642760515213,-0.25949200987815857,-0.4139192998409271,0.005847348365932703,0.02132362872362137,0.2752828299999237,-0.11740042269229889,-0.11415813863277435,0.1035367101430893,0.22413873672485352,-0.10777592658996582,0.05301300808787346,0.20077721774578094,-0.009121991693973541,-0.08029193431138992,-0.02891937829554081,-0.10818161070346832,8.906463335733861e-05,-0.3971201777458191,-0.08606727421283722,0.3807019889354706,-0.1567990630865097,-0.25988057255744934
0.12242142111063004,0.03116929531097412,0.818010151386261,-0.19607044756412506,-0.02963709644973278,-0.2534453272819519,-0.3469686210155487,0.012711825780570507,0.026824530214071274,0.19074082374572754,-0.22888389229774475,-0.1033748909831047,0.08982130140066147,0.35041573643684387,0.00785127468407154,0.06596457958221436,0.10626722872257233,0.0023085754364728928,-0.07967899739742279,-0.029738357290625572,-0.06816720962524414,-6.34085566275644e-08,-0.4109441041946411,-0.10039868950843811,0.2955750823020935,-0.12215979397296906,-0.21280670166015625
0.09384649246931076,0.03958074375987053,0.8196197152137756,-0.18666058778762817,-0.010918084532022476,-0.23843958973884583,-0.3675740361213684,0.018321627750992775,0.02636202797293663,0.10693299770355225,-0.31289514899253845,-0.11751784384250641,0.043507546186447144,0.4469769597053528,0.16985861957073212,0.07156717032194138,0.10317625105381012,0.029788224026560783,-0.13380499184131622,-0.02832517959177494,-0.0830039381980896,9.207836410496384e-05,-0.46191656589508057,-0.11509393155574799,0.21369345486164093,-0.1213366910815239,-0.21942587196826935
0.05782929062843323,0.04813205450773239,0.822098970413208,-0.18062056601047516,0.18966083228588104,-0.22179456055164337,-0.25487077236175537,0.022156963124871254,0.0016605090349912643,0.04024740681052208,-0.3860108554363251,-0.15184371173381805,-0.17165623605251312,0.4240068197250366,0.3907893896102905,0.07787634432315826,0.077219657599926,0.0646892860531807,-0.013056375086307526,-0.02700914815068245,-0.05683493986725807,2.8751657737302594e-05,-0.41163742542266846,-0.13014458119869232,0.007876604795455933,-0.11911697685718536,0.5510463118553162
0.023370208218693733,0.04171137139201164,0.8258853554725647,-0.1511274129152298,0.3678368031978607,-0.19032451510429382,0.5538517832756042,0.03748727962374687,-0.07995304465293884,-3.852395366266137e-06,-0.4816949665546417,-0.08959843963384628,-0.4821029305458069,0.27796846628189087,0.5080257058143616,0.08585598319768906,0.07777450233697891,0.09410993754863739,0.24195092916488647,-0.029816241934895515,0.009096752852201462,0.0356651246547699,-0.15434522926807404,-0.16777761280536652,-0.23733265697956085,-0.025066278874874115,1.0237125158309937
-0.012018203735351562,0.02236190252006054,0.8317585587501526,-0.11606888473033905,0.47580215334892273,-0.1554751694202423,1.0639467239379883,0.04308360442519188,-0.21283304691314697,-2.184267395932693e-05,-0.3552442789077759,-0.08323925733566284,-0.11198113858699799,0.17354199290275574,0.27716344594955444,0.08818574249744415,-0.2210114300251007,0.1197441890835762,0.5847384333610535,-0.030987517908215523,0.073966845870018,0.11166302859783173,-0.08211011439561844,-0.22498150169849396,-0.1577271968126297,0.21588173508644104,0.37177905440330505
-0.0424957275390625,0.0023131477646529675,0.8367661237716675,-0.08290762454271317,0.3696390688419342,-0.1285104602575302,0.7279767394065857,0.04036569595336914,-0.19192424416542053,-2.5551149519742467e-05,-0.4525905251502991,-0.05784313380718231,0.05186350643634796,0.17484864592552185,0.5336393117904663,0.09097594767808914,-0.18486899137496948,0.14435556530952454,0.5681012272834778,-0.006967656314373016,0.05519378185272217,0.1631137579679489,-0.20202192664146423,-0.22154155373573303,0.024904564023017883,0.02329772524535656,-0.03332868963479996
-0.07629776000976562,-0.008167743682861328,0.8409904837608337,-0.06065870076417923,0.15477415919303894,-0.0960131585597992,0.5824440717697144,0.03822715952992439,-0.11529689282178879,1.598386916157324e-05,-0.4597468376159668,-0.03389396890997887,0.113041952252388,0.1806895136833191,0.5904864072799683,0.07027406990528107,-0.09943455457687378,0.17974907159805298,0.3476959466934204,0.0036569060757756233,-0.00604754313826561,0.21094629168510437,-0.021608199924230576,-0.19403059780597687,0.03660750761628151,-0.10329420119524002,-0.01284070499241352
-0.11049032211303711,-0.009068965911865234,0.8460554480552673,-0.05190999060869217,0.05516822263598442,-0.0620419904589653,0.4524601697921753,0.03663476184010506,-0.05034806579351425,1.483202777308179e-05,-0.4464271366596222,0.012959028594195843,0.2297704666852951,0.2090279459953308,0.5491816997528076,0.02891746163368225,-0.03656189888715744,0.21783943474292755,0.15697018802165985,0.002481174888089299,-0.016585180535912514,0.2591090500354767,0.08836841583251953,-0.17093005776405334,0.06927597522735596,-0.21777112782001495,-0.14994807541370392
-0.14193487167358398,-0.010218143463134766,0.853637158870697,-0.041660599410533905,0.04765436053276062,-0.030762968584895134,0.36838963627815247,0.03406753018498421,0.004021385684609413,-0.00010638595267664641,-0.4640735387802124,0.04597251117229462,0.13826140761375427,0.2245156317949295,0.46906930208206177,-0.007026484236121178,-0.047864772379398346,0.25130215287208557,0.26331475377082825,0.0012158353347331285,-0.0039013195782899857,0.28415289521217346,0.10390083491802216,-0.1590643674135208,0.05835613235831261,-0.27815359830856323,-0.2141980081796646
-0.15831613540649414,-0.011367321014404297,0.8626888990402222,-0.02575618401169777,0.004842481110244989,-0.01811307668685913,0.13132205605506897,0.024155432358384132,0.11157363653182983,-5.787596455775201e-05,-0.5153031945228577,0.03289410099387169,0.2886201739311218,0.25192368030548096,0.3969382643699646,-0.04066579416394234,-0.03352847695350647,0.25968706607818604,0.5355885028839111,-0.004746841732412577,-0.00945208314806223,0.29741740226745605,0.12359043955802917,-0.16330163180828094,0.030912023037672043,-0.23081570863723755,-0.05896428972482681
-0.16812944412231445,-0.003391742706298828,0.8662651181221008,-0.020491449162364006,-0.020199725404381752,-0.012701453641057014,0.17003893852233887,0.018700290471315384,0.15305453538894653,-3.926515091734473e-06,-0.5614385008811951,0.020463084802031517,0.319970965385437,0.2733316421508789,0.43576258420944214,-0.10008686780929565,-0.022393953055143356,0.25981056690216064,0.7326002717018127,-0.0029975201468914747,-0.016693226993083954,0.33864372968673706,0.1424025297164917,-0.171408012509346,0.012783262878656387,-0.1483413279056549,0.11254287511110306
-0.17375421524047852,0.005900979042053223,0.8675851821899414,-0.01658170111477375,0.028517981991171837,-0.011307623237371445,0.34313905239105225,0.015611950308084488,0.09027056396007538,-6.176376700750552e-06,-0.5422441959381104,0.007582417223602533,0.386844277381897,0.27736175060272217,0.4687730073928833,-0.15066996216773987,0.008565746247768402,0.2598099410533905,0.5941010117530823,-0.0005706184892915189,-0.01320330984890461,0.35955458879470825,0.08700823783874512,-0.1720597892999649,0.032781053334474564,-0.10484980791807175,0.19688904285430908
-0.1766195297241211,0.009761461056768894,0.8725262880325317,-0.006641829386353493,0.03018747828900814,-0.012641191482543945,0.39508259296417236,0.010053783655166626,0.07599490135908127,-3.2282821393891936e-06,-0.5341857671737671,-0.005310362204909325,0.38513875007629395,0.27467110753059387,0.46208906173706055,-0.17340385913848877,0.008501291275024414,0.25980061292648315,0.55262690782547,-0.004204193130135536,-0.018518835306167603,0.3430761992931366,0.06846874952316284,-0.16163630783557892,0.03670670464634895,-0.098020039498806,0.21826395392417908
-0.17614412307739258,0.011056346818804741,0.8799198269844055,0.005680668633431196,0.07182031124830246,-0.017316056415438652,0.13027067482471466,0.002512462204322219,0.10677511990070343,3.223074600100517e-05,-0.5012755393981934,-0.017599448561668396,0.33378714323043823,0.2704973518848419,0.38897740840911865,-0.18830156326293945,-0.04655542969703674,0.2597988545894623,0.6037623882293701,-0.006378109101206064,-0.009373106993734837,0.32897424697875977,0.09067410230636597,-0.15844310820102692,0.04722607508301735,-0.11427614837884903,0.2656596004962921
-0.17044687271118164,0.009386531077325344,0.8852555751800537,0.02151508815586567,0.14885053038597107,-0.02747400291264057,-0.09652289003133774,-0.002463954035192728,0.059515438973903656,3.072460458497517e-05,-0.4894000291824341,-0.03080950863659382,0.29096466302871704,0.25199928879737854,0.31608182191848755,-0.20005030930042267,-0.10273087024688721,0.25977563858032227,0.6212425827980042,-0.007903650403022766,-0.0286128968000412,0.31909170746803284,0.014968086034059525,-0.14300347864627838,0.07300703972578049,-0.14755669236183167,0.2639308273792267
-0.1560220718383789,0.005230395123362541,0.8856149315834045,0.04078058525919914,0.12506692111492157,-0.047731854021549225,0.09175442904233932,-0.0030607241205871105,2.580508589744568e-05,2.1144274796824902e-05,-0.5085126757621765,-0.045980535447597504,0.37449967861175537,0.22820065915584564,0.3639269471168518,-0.21026313304901123,-0.08378388732671738,0.25980737805366516,0.5969175100326538,-0.007648543454706669,-0.012521259486675262,0.31209802627563477,-0.15457546710968018,-0.13253067433834076,0.07042086124420166,-0.1768774539232254,0.18808309733867645
-0.1343541145324707,0.00376815814524889,0.8870590925216675,0.05710374191403389,0.06278853118419647,-0.07635905593633652,0.13675457239151,-0.0065322029404342175,0.02738986164331436,-9.718311957840342e-06,-0.5427038669586182,-0.06043509393930435,0.40434712171554565,0.21090884506702423,0.3543856739997864,-0.19457067549228668,0.007120482623577118,0.2597392201423645,0.5570173263549805,-0.007910387590527534,-0.01537398248910904,0.2443796694278717,-0.32215437293052673,-0.11274378001689911,0.08919557183980942,-0.22776111960411072,0.10553745925426483
-0.10377025604248047,0.012162748724222183,0.887377142906189,0.062123265117406845,0.0688076764345169,-0.11542316526174545,0.15993227064609528,-0.011506087146699429,0.06340893357992172,5.336260437616147e-05,-0.5413124561309814,-0.07335011661052704,0.45648717880249023,0.2196093201637268,0.29337018728256226,-0.1784096211194992,0.03823426365852356,0.2599598467350006,0.5029944181442261,-0.008240397088229656,-0.0026318933814764023,0.15663914382457733,-0.36590227484703064,-0.11497193574905396,0.030365411192178726,-0.27958768606185913,-0.03271119296550751
-0.06689977645874023,0.02507009543478489,0.8893710970878601,0.06218338385224342,-0.009387189522385597,-0.16055232286453247,0.1447400450706482,-0.01924595981836319,0.03964752331376076,5.2360901463543996e-05,-0.5085763335227966,-0.08492764830589294,0.31215959787368774,0.2283211052417755,-0.07735922187566757,-0.15807271003723145,0.2036401480436325,0.25990650057792664,0.3731019198894501,-0.003346622921526432,0.040582288056612015,0.06058593839406967,-0.44837433099746704,-0.15451818704605103,-0.12639263272285461,-0.3324299156665802,-0.23357395827770233
-0.030736923217773438,0.023594455793499947,0.8950201869010925,0.07050828635692596,0.11349401623010635,-0.2020876705646515,-0.10807863622903824,-0.029951294884085655,-0.1134432926774025,0.017488248646259308,-0.21912455558776855,-0.10695061832666397,-0.027861464768648148,0.13924656808376312,-0.7955452799797058,-0.1252189576625824,0.2880246043205261,0.22791817784309387,-0.6021521091461182,0.031039852648973465,0.15943346917629242,1.2732685718219727e-05,-0.8026008009910583,-0.11132194101810455,-0.4108302891254425,-0.20931655168533325,-0.42864206433296204
0.002248455071821809,-0.003322601318359375,0.8968453407287598,0.09823847562074661,-0.08264382928609848,-0.23224684596061707,-0.4203703701496124,-0.0424378402531147,-0.017402270808815956,0.05616633594036102,-0.11471421271562576,-0.1436648815870285,-0.07283005863428116,-0.12894725799560547,0.0017197802662849426,-0.08753932267427444,0.24065828323364258,0.18786053359508514,-1.1856719255447388,0.02219628356397152,0.20102909207344055,-3.2065010600490496e-05,-0.5988821983337402,-0.06030360609292984,0.03989207372069359,-0.1898542195558548,-0.6700744032859802
0.02947581745684147,-0.031029224395751953,0.9008779525756836,0.12053032219409943,0.02251884713768959,-0.24402108788490295,-0.43575331568717957,-0.050958264619112015,0.10140275210142136,0.09620972722768784,-0.042398419231176376,-0.1555020958185196,-0.0032131411135196686,-0.302164763212204,0.21892885863780975,-0.0393901988863945,0.05722127482295036,0.15460902452468872,-0.8032965064048767,0.021155107766389847,0.1554909199476242,-7.925972568045836e-06,-0.6092430949211121,-0.0724203884601593,0.09462779760360718,-0.1845722496509552,-0.5292602181434631
0.04987761750817299,-0.044026851654052734,0.9068264961242676,0.11667110025882721,0.01190793327987194,-0.24293209612369537,-0.5645659565925598,-0.04516096040606499,0.09743595868349075,0.13653944432735443,0.1129194051027298,-0.15258373320102692,-0.014288149774074554,-0.3676258325576782,0.026272833347320557,-0.0025127637200057507,0.004810206592082977,0.12897855043411255,-0.557528018951416,0.023179182782769203,0.13319148123264313,-4.658533271140186e-06,-0.6166878938674927,-0.12419823557138443,0.1880212277173996,-0.18101663887500763,-0.4325391352176666
0.07127639651298523,-0.03616952896118164,0.9115574955940247,0.07162472605705261,-0.058962248265743256,-0.24357324838638306,-0.634097695350647,-0.025557002052664757,0.06476800888776779,0.19967292249202728,0.17668192088603973,-0.15302014350891113,0.007933355867862701,-0.3823219835758209,-0.0837998166680336,0.0017637072596699,0.016834057867527008,0.10372511297464371,-0.44245198369026184,0.023678256198763847,0.07022804021835327,-2.4488988401571987e-06,-0.6332101821899414,-0.11865753680467606,0.2601398825645447,-0.22126752138137817,-0.5131968855857849
0.09913957864046097,-0.018310070037841797,0.9145541191101074,0.003449572715908289,-0.17200058698654175,-0.2576599419116974,-0.6389505863189697,-0.003490273142233491,0.06682775914669037,0.27706119418144226,0.15358777344226837,-0.15324360132217407,0.015882104635238647,-0.2807716131210327,-0.18964475393295288,-0.016831323504447937,0.1614304780960083,0.0702715516090393,-0.27321919798851013,0.012822363525629044,0.017995543777942657,2.3020215849101078e-06,-0.5489349365234375,-0.03028559684753418,0.32784539461135864,-0.2926110327243805,-0.6178783178329468
0.11853315681219101,-0.0031108856201171875,0.919555127620697,-0.0569743737578392,-0.238056480884552,-0.25967931747436523,-0.6275685429573059,0.013729311525821686,0.040845345705747604,0.3313242495059967,0.0011360682547092438,-0.15899507701396942,0.021042536944150925,-0.18433669209480286,-0.2893233895301819,-0.028167128562927246,0.23139280080795288,0.04650980979204178,0.05001373961567879,-0.0021694637835025787,0.026066333055496216,3.2648018532199785e-05,-0.4544602632522583,0.03105308674275875,0.24009497463703156,-0.3470844626426697,-0.5462033748626709
0.12948082387447357,0.008420675061643124,0.9249996542930603,-0.10237251967191696,-0.019176499918103218,-0.259998083114624,-0.6527820825576782,0.00999437551945448,0.012786168605089188,0.35092002153396606,0.08733499050140381,-0.15400783717632294,0.04020560160279274,-0.0070101423189044,-0.3018367290496826,-0.025894641876220703,0.09197264909744263,0.02945437841117382,-0.34730419516563416,-0.004049778915941715,-0.03725763037800789,6.869146454846486e-05,-0.44193607568740845,0.016838539391756058,0.3929039537906647,-0.31691861152648926,-0.4613075256347656
0.13539908826351166,0.015502704307436943,0.9288976788520813,-0.13741375505924225,-0.07511965185403824,-0.25996774435043335,-0.6003942489624023,0.006669674068689346,0.011665208265185356,0.3581191599369049,0.08222869038581848,-0.15566900372505188,0.023731403052806854,0.08663229644298553,-0.2290736734867096,-0.01897795870900154,0.11017496883869171,0.018083564937114716,-0.4617197513580322,-0.005786593072116375,-0.040993113070726395,5.09949641127605e-05,-0.42599594593048096,0.0024489539209753275,0.3098030686378479,-0.2955118417739868,-0.48298487067222595
0.13933111727237701,0.019269956275820732,0.9328400492668152,-0.16579969227313995,-0.0907430574297905,-0.2600000202655792,-0.5644584894180298,0.005981994327157736,0.013004930689930916,0.3591271638870239,0.07301835715770721,-0.15763939917087555,0.024748418480157852,0.18795007467269897,-0.16595512628555298,-0.008387446403503418,0.10832963138818741,0.008150992915034294,-0.4525637924671173,-0.00800744816660881,-0.06749190390110016,6.880933506181464e-05,-0.439861923456192,-0.012255997397005558,0.27835363149642944,-0.2613218426704407,-0.3984246551990509
0.1409578025341034,0.02030065469443798,0.936910092830658,-0.18724466860294342,-0.11414456367492676,-0.2599407136440277,-0.5803786516189575,0.005601060576736927,0.019437121227383614,0.3528887927532196,0.03790196403861046,-0.15558981895446777,0.04600229486823082,0.26751744747161865,-0.12881219387054443,0.005458261352032423,0.14358362555503845,0.00023735995637252927,-0.3192644417285919,-0.0110192084684968,-0.03109794668853283,5.274074646877125e-05,-0.4211287796497345,-0.02751046046614647,0.22758366167545319,-0.218729168176651,-0.38197746872901917
0.13852791488170624,0.017977025359869003,0.9387184977531433,-0.19407875835895538,-0.11919226497411728,-0.2599466145038605,-0.5676307082176208,0.007562676910310984,0.02833324298262596,0.32339024543762207,-0.03517269343137741,-0.1339295506477356,0.07934534549713135,0.31011560559272766,-0.11121043562889099,0.023029150441288948,0.18051812052726746,-0.0034699230454862118,-0.16104260087013245,-0.012715332210063934,0.00406394898891449,6.24560852884315e-05,-0.38835829496383667,-0.042863260954618454,0.2582603693008423,-0.17392906546592712,-0.31644222140312195
0.1298610270023346,0.016407430171966553,0.9410471320152283,-0.19817493855953217,-0.13588246703147888,-0.2593492567539215,-0.3725735545158386,0.004908208269625902,0.007835956290364265,0.2841331362724304,-0.0927019715309143,-0.10968144983053207,0.10251118242740631,0.3461587429046631,-0.0473579503595829,0.039747454226017,0.1838148832321167,-0.00026690601953305304,-0.20665839314460754,-0.015040826983749866,-0.0662783831357956,7.551504677394405e-05,-0.409900426864624,-0.05835947021842003,0.2871496081352234,-0.1289818435907364,-0.2760145962238312
0.1089160144329071,0.017333852127194405,0.9460840225219727,-0.20780670642852783,-0.04866762459278107,-0.2521170973777771,-0.24856868386268616,0.003767395857721567,0.007968038320541382,0.25097379088401794,-0.19093181192874908,-0.10018014162778854,0.10202129185199738,0.4061591923236847,0.028009794652462006,0.053977448493242264,0.1160997673869133,0.01800752989947796,-0.23922519385814667,-0.01902821660041809,-0.0803733617067337,7.376580470008776e-05,-0.3888658285140991,-0.07394237816333771,0.3293573260307312,-0.1265101432800293,-0.2133106142282486
0.08264727145433426,0.019619617611169815,0.9489714503288269,-0.20085150003433228,-0.07790225744247437,-0.24162301421165466,-0.021046260371804237,0.009558751247823238,0.02683323621749878,0.18226487934589386,-0.3770214319229126,-0.11246979236602783,0.004647597670555115,0.41868728399276733,0.09812010824680328,0.06676675379276276,0.15044966340065002,0.04150746390223503,-0.36275869607925415,-0.01988670602440834,-0.09214004874229431,5.359081842470914e-05,-0.48199906945228577,-0.08919074386358261,0.14084118604660034,-0.12219870090484619,-0.196400448679924
0.044366028159856796,0.017149079591035843,0.9480919241905212,-0.16677813231945038,0.217312753200531,-0.21379654109477997,0.24733245372772217,0.01693364605307579,0.03919178247451782,0.08002172410488129,-0.43128708004951477,-0.20502600073814392,-0.25392216444015503,0.2777990996837616,0.2903780937194824,0.0858045369386673,0.08957307040691376,0.0772937759757042,-0.22955282032489777,-0.015555723570287228,-0.11950705945491791,-3.062406540266238e-05,-0.45047593116760254,-0.10562963783740997,-0.0717659443616867,-0.0991567000746727,0.3528173267841339
0.013415073044598103,0.016239939257502556,0.9532157182693481,-0.150136798620224,0.3471617102622986,-0.18917934596538544,0.5941211581230164,0.026333853602409363,-0.07777617126703262,0.014479180797934532,-0.4473310708999634,-0.12592701613903046,-0.4303267002105713,0.198700949549675,0.4448450803756714,0.10450384765863419,0.01899459958076477,0.10375043749809265,0.45828673243522644,-0.016895970329642296,0.02063664048910141,-2.5397399440407753e-05,-0.06298346072435379,-0.12367565184831619,-0.17232345044612885,-0.07135923206806183,1.0033235549926758
-0.015573501586914062,0.008077333681285381,0.9570810198783875,-0.13514049351215363,0.4973677098751068,-0.16598652303218842,0.9537645578384399,0.031659696251153946,-0.2399110198020935,-3.920588278560899e-05,-0.42043453454971313,-0.01744816079735756,-0.20206190645694733,0.18560518324375153,0.30981165170669556,0.09597132354974747,-0.20715799927711487,0.12349008768796921,0.682708740234375,-0.025202754884958267,0.05154186114668846,0.07191091030836105,-0.028783131390810013,-0.17918597161769867,-0.19140459597110748,0.07574879378080368,0.5691478848457336
-0.04953622817993164,-0.006958484649658203,0.9611402750015259,-0.11354213953018188,0.39474985003471375,-0.1348375380039215,0.8512447476387024,0.03597502037882805,-0.28154993057250977,-3.072758772759698e-05,-0.4256015419960022,0.05896703898906708,-0.03523072227835655,0.1874774992465973,0.35909104347229004,0.08653990924358368,-0.22746115922927856,0.15409083664417267,0.6273261308670044,-0.006324383430182934,0.06861342489719391,0.14090856909751892,-0.17015507817268372,-0.18954697251319885,-0.012817315757274628,-0.005949491169303656,-0.06435544788837433
-0.08466386795043945,-0.0161590576171875,0.9639105796813965,-0.09540257602930069,0.24610286951065063,-0.1000562533736229,0.5404590368270874,0.03797226771712303,-0.15485143661499023,-4.7243804147001356e-05,-0.5027164816856384,0.1051967665553093,-0.057939596474170685,0.18184836208820343,0.4008259177207947,0.04595660790801048,-0.1543240249156952,0.19364741444587708,0.340277761220932,0.003717814339324832,0.011855091899633408,0.2308695912361145,-0.03175098076462746,-0.1647380292415619,0.038137659430503845,-0.13314740359783173,-0.03630666434764862
-0.10594606399536133,-0.019935131072998047,0.9668411612510681,-0.07484840601682663,0.037826649844646454,-0.08132960647344589,0.7334802746772766,0.02974376268684864,-0.05022165924310684,-1.1196613741049077e-05,-0.5084269046783447,0.07516704499721527,-0.020164363086223602,0.18962404131889343,0.40527355670928955,-0.0025808645877987146,-0.030564144253730774,0.2187650054693222,0.16521193087100983,0.0049866801127791405,0.0010661259293556213,0.30357661843299866,0.0924321860074997,-0.14169561862945557,0.043378014117479324,-0.22005023062229156,-0.24128879606723785
-0.13029193878173828,-0.020478248596191406,0.9707155823707581,-0.058903489261865616,-0.0001164986751973629,-0.05790206417441368,0.5393689274787903,0.02211201749742031,0.015933478251099586,-1.297412563872058e-05,-0.5023208856582642,0.053723208606243134,0.05319494754076004,0.1895965337753296,0.4235193729400635,-0.04276455193758011,-0.01693681627511978,0.24535071849822998,0.1413068026304245,0.004195366986095905,0.006778094917535782,0.3383595049381256,0.12342491745948792,-0.13314764201641083,0.05259767547249794,-0.22725781798362732,-0.2977275550365448
-0.1504664421081543,-0.018241405487060547,0.9751302003860474,-0.047796688973903656,-0.027301618829369545,-0.039829447865486145,0.2140214592218399,0.016551144421100616,0.01810738630592823,5.3301473599276505e-06,-0.5234920978546143,0.04648977145552635,0.11976601183414459,0.2111538052558899,0.38173848390579224,-0.0794234573841095,0.005482520908117294,0.25976529717445374,0.2827095687389374,-0.005926960147917271,-0.00434015691280365,0.354728102684021,0.09925445914268494,-0.14371833205223083,0.037861887365579605,-0.12358324229717255,-0.1969149261713028
-0.1647953987121582,-0.014525413513183594,0.9787892699241638,-0.03935154154896736,0.013805544003844261,-0.02905721589922905,0.303851842880249,0.014151981100440025,0.04203693941235542,6.57453654184792e-07,-0.5461856722831726,0.049851253628730774,0.14277690649032593,0.23856551945209503,0.4180470108985901,-0.11240657418966293,-0.027075093239545822,0.2598205506801605,0.5340933203697205,-0.002988196676596999,-0.003971299156546593,0.3598257303237915,0.10939493775367737,-0.15338963270187378,0.009793441742658615,0.08542247116565704,-0.03239237517118454
-0.1745433807373047,-0.011534690856933594,0.9821087718009949,-0.02792341075837612,0.018712719902396202,-0.022410603240132332,0.1125447228550911,0.010216950438916683,0.03616227209568024,-4.323471148381941e-05,-0.5598036646842957,0.03761168196797371,0.2198486328125,0.23361897468566895,0.40048909187316895,-0.14264580607414246,-0.012463342398405075,0.25991109013557434,0.7072039246559143,0.003346322802826762,-0.014411143958568573,0.3675926923751831,0.1156243234872818,-0.18305225670337677,-0.021590381860733032,0.23892171680927277,0.25546661019325256
-0.17635774612426758,-0.009515762329101562,0.9862915277481079,-0.015291702002286911,0.06180980056524277,-0.025192907080054283,0.27508780360221863,0.005459103733301163,0.08994454890489578,-2.3443504687747918e-05,-0.5399466156959534,0.023828908801078796,0.2953108549118042,0.244118332862854,0.3996396064758301,-0.16591131687164307,-0.04427696764469147,0.2599017322063446,0.5798429846763611,0.006036828272044659,-0.0191818717867136,0.3690868318080902,0.10658665001392365,-0.19946208596229553,0.013459887355566025,0.2722717523574829,0.3758220970630646
-0.1727008819580078,-0.00990152359008789,0.9895544052124023,0.00030885497108101845,0.1057317852973938,-0.0341961644589901,0.23245732486248016,0.0019067146349698305,0.06713800877332687,-1.4349858247442171e-05,-0.5535929799079895,0.009269355796277523,0.26321226358413696,0.2564082443714142,0.4177148938179016,-0.18137489259243011,-0.06906531751155853,0.25991901755332947,0.5717976689338684,0.0029511291068047285,-0.017642024904489517,0.3624531626701355,0.0685499757528305,-0.18397025763988495,0.047884080559015274,0.22000999748706818,0.4265111982822418
-0.16550350189208984,-0.011066436767578125,0.9914603233337402,0.016963522881269455,0.09558047354221344,-0.046657539904117584,0.14814749360084534,-0.00027835991932079196,0.05297620967030525,-2.217814881078084e-06,-0.5420597195625305,-0.005842629820108414,0.31084924936294556,0.2484019696712494,0.3490203022956848,-0.19007273018360138,-0.06482959538698196,0.25978371500968933,0.5782340168952942,-0.0037213803734630346,-0.0277257040143013,0.34606847167015076,0.01833634451031685,-0.16133220493793488,0.06246330961585045,0.11488281190395355,0.3573090136051178
-0.15401935577392578,-0.01014566421508789,0.9931883215904236,0.031083878129720688,0.12616990506649017,-0.06354405730962753,0.0003095213323831558,-0.0031111082062125206,0.01736728847026825,-8.071071533777285e-06,-0.532559871673584,-0.020500212907791138,0.34247469902038574,0.22246383130550385,0.3283126950263977,-0.19110621511936188,-0.0665278434753418,0.25975242257118225,0.5841914415359497,-0.006766316946595907,-0.0279108677059412,0.3110007345676422,-0.10623127222061157,-0.13851259648799896,0.09481677412986755,-0.02243899740278721,0.2856455147266388
-0.13273334503173828,-0.00603485107421875,0.9958875775337219,0.041324127465486526,0.07685549557209015,-0.09249262511730194,-0.10697191208600998,-0.00839901901781559,0.04022425413131714,5.7541619753465056e-05,-0.5416455268859863,-0.034023530781269073,0.4088740944862366,0.22527362406253815,0.2905905246734619,-0.17596091330051422,0.015868771821260452,0.2566693127155304,0.5679256916046143,-0.007038840092718601,-0.020214509218931198,0.23587827384471893,-0.22919943928718567,-0.10937283933162689,0.11980266869068146,-0.12660366296768188,0.20174193382263184
-0.10420370101928711,0.0040358868427574635,0.9969920516014099,0.04466123506426811,0.05862191319465637,-0.12915556132793427,0.07641781121492386,-0.013694515451788902,0.07443605363368988,7.654062210349366e-05,-0.5325201153755188,-0.04670928791165352,0.4614882469177246,0.23307538032531738,0.3189123272895813,-0.16300921142101288,0.044605154544115067,0.25746747851371765,0.4796341359615326,-0.0065512023866176605,0.0035090576857328415,0.1569010615348816,-0.3250792622566223,-0.10946711152791977,0.028743889182806015,-0.22367332875728607,0.009915487840771675
-0.06923818588256836,0.01832696795463562,0.9957819581031799,0.043101634830236435,0.059694334864616394,-0.17254354059696198,0.14389154314994812,-0.01762351766228676,0.033407460898160934,4.597004590323195e-05,-0.4722371995449066,-0.058869436383247375,0.3158082365989685,0.24225115776062012,-0.008882269263267517,-0.16197077929973602,0.1366165280342102,0.2599163055419922,0.3057519495487213,-0.008617008104920387,0.03748692572116852,0.10009162873029709,-0.5273794531822205,-0.12262611091136932,-0.15371742844581604,-0.2734583020210266,-0.26408886909484863
-0.0307769775390625,0.030857309699058533,0.9958533048629761,0.04375486075878143,0.18492451310157776,-0.2190934270620346,0.012551764026284218,-0.023073965683579445,-0.053184568881988525,4.2617859435267746e-05,-0.22330208122730255,-0.07132560759782791,0.04364153742790222,0.24965430796146393,-0.7479396462440491,-0.1552208662033081,0.2031426727771759,0.2566046118736267,-0.5423540472984314,0.016650909557938576,0.11359570920467377,0.0486602820456028,-0.9795243740081787,-0.11275441944599152,-0.5334223508834839,-0.23833484947681427,-0.4764123260974884
0.0024627649690955877,0.021907944232225418,0.9965932369232178,0.040837809443473816,0.03881162777543068,-0.25697454810142517,-0.3346835970878601,-0.02500797249376774,-0.10824573785066605,0.0560276135802269,-0.08199980109930038,-0.11428827047348022,-0.12935790419578552,0.11540374159812927,-0.5551187992095947,-0.12945058941841125,0.39745402336120605,0.21721479296684265,-1.1174472570419312,0.00857996754348278,0.22087153792381287,-6.440377183025703e-05,-1.0081393718719482,0.08702398091554642,-0.33487287163734436,-0.21900303661823273,-0.3772873282432556
0.014378327876329422,-0.013460636138916016,0.9974808096885681,0.05793166160583496,-0.16267547011375427,-0.24624690413475037,-0.2486025094985962,-0.03297282010316849,0.048664651811122894,0.1275031864643097,-0.1593194305896759,-0.15425555408000946,0.0021381378173828125,0.1884097456932068,0.27159154415130615,-0.07499445229768753,0.23116976022720337,0.2006121128797531,-0.9485854506492615,0.01851728744804859,0.16447700560092926,2.6346719096181914e-05,-0.6722913980484009,0.08005880564451218,-0.04891524091362953,-0.21278764307498932,-0.5938302278518677
0.025730324909090996,-0.021888256072998047,1.001190185546875,0.027459096163511276,-0.06864770501852036,-0.23665772378444672,-0.4951309561729431,-0.008174637332558632,0.026686295866966248,0.21034172177314758,-0.06932958960533142,-0.1709357053041458,-0.03386875241994858,0.2766420245170593,0.2055359035730362,-0.052018169313669205,0.07835958898067474,0.18675728142261505,-0.8295765519142151,0.015145044773817062,0.09295184910297394,6.344837402139092e-06,-0.5841050744056702,0.07824143022298813,-0.011217419058084488,-0.2607216536998749,-0.6599326133728027
0.04934264346957207,-0.016601085662841797,1.00528883934021,-0.014099199324846268,0.026948463171720505,-0.24678190052509308,-0.33797168731689453,-0.0016180210513994098,-0.00038985535502433777,0.2683676481246948,0.07626980543136597,-0.16876409947872162,0.018588591367006302,0.3816607594490051,0.2133513242006302,-0.0429275818169117,0.10421598702669144,0.1554921418428421,-0.6564733386039734,0.015490427613258362,0.11740513145923615,3.7773886560898973e-06,-0.47629213333129883,0.06394442915916443,0.020190216600894928,-0.2337859570980072,-0.47601619362831116
0.07468708604574203,-0.012207984924316406,1.0107405185699463,-0.060783468186855316,-0.08726762980222702,-0.259841650724411,-0.491507351398468,0.0040209186263382435,0.004088755697011948,0.3333287239074707,0.11571714282035828,-0.16074739396572113,0.041740670800209045,0.4428999125957489,0.1887924075126648,-0.03255375102162361,0.15603460371494293,0.12146995961666107,-0.45077988505363464,0.013999269343912601,0.07096578180789948,3.2291459319822025e-06,-0.4898345172405243,0.048303332179784775,0.024319155141711235,-0.20170247554779053,-0.4179810881614685
0.09324478358030319,-0.010509014129638672,1.0151700973510742,-0.09429120272397995,-0.0793532133102417,-0.2598595917224884,-0.6638290882110596,0.002869150834158063,0.015975840389728546,0.37309297919273376,0.10210852324962616,-0.16297374665737152,-0.011120989918708801,0.4021943509578705,0.1308104395866394,-0.018854742869734764,0.10500679165124893,0.09651345014572144,-0.4798377454280853,0.012165485881268978,0.04477054253220558,2.6967887606588192e-05,-0.5225406885147095,0.03216260299086571,0.15541769564151764,-0.20103366672992706,-0.4814099967479706
0.11015939712524414,-0.004217624664306641,1.0186911821365356,-0.1260679066181183,-0.10249610990285873,-0.25984877347946167,-0.6142194867134094,0.006395856384187937,0.029906775802373886,0.3934711217880249,0.11434638500213623,-0.1680634468793869,0.007425099611282349,0.3318748474121094,0.05883453041315079,-0.010712606832385063,0.09976143389940262,0.07334709167480469,-0.44921889901161194,0.01088523305952549,0.007740762084722519,3.5387918615015224e-05,-0.511163592338562,0.017152437940239906,0.19466498494148254,-0.20951279997825623,-0.4724370837211609
0.12429618090391159,-0.002353191375732422,1.018099308013916,-0.13770154118537903,0.02128695510327816,-0.25982412695884705,-0.6117261648178101,0.005136912222951651,0.017087744548916817,0.3832375705242157,0.10321946442127228,-0.16097156703472137,0.03640216961503029,0.26759061217308044,-0.008014068007469177,0.0016593292821198702,0.1051284596323967,0.05336460471153259,-0.3364048898220062,0.012449543923139572,-0.03786430507898331,0.00010723363084252924,-0.39547616243362427,0.0029827330727130175,0.8348039388656616,-0.22755560278892517,-0.47348687052726746
0.12624721229076385,0.007468701805919409,1.0082982778549194,-0.14596372842788696,-0.04019349813461304,-0.2598694860935211,-0.6122405529022217,0.01023598201572895,0.012843547388911247,0.37499290704727173,0.08294060826301575,-0.16918811202049255,0.012198839336633682,0.16510765254497528,-0.07035362720489502,-0.001974446000531316,0.1185881569981575,0.03927825391292572,-0.32137614488601685,-0.002793220803141594,-0.08971007168292999,-3.721404517875726e-09,-0.37141862511634827,-0.005564631894230843,0.7595241665840149,-0.20217131078243256,-0.4325611889362335
0.12876059114933014,0.01097841840237379,0.9978114366531372,-0.1508118361234665,-0.10950307548046112,-0.25986218452453613,-0.6031233072280884,0.0021409231703728437,-0.00014693662524223328,0.3730087876319885,0.07135333120822906,-0.17209655046463013,0.020205587148666382,0.033865656703710556,-0.11082833260297775,-0.012143926694989204,0.19918015599250793,0.04147468879818916,-0.24705849587917328,0.00646950164809823,-0.06219836324453354,0.00010579850641079247,-0.37621283531188965,0.0022601084783673286,0.6958572268486023,-0.22035187482833862,-0.42118602991104126
0.126884326338768,0.009338694624602795,0.990145742893219,-0.1491406261920929,-0.09659107774496078,-0.25974658131599426,-0.5348424315452576,-0.0005881703109480441,0.014294729568064213,0.3604993522167206,0.005517065525054932,-0.1516874134540558,0.06737890839576721,-0.041004884988069534,-0.08332667499780655,-0.01700221188366413,0.14382696151733398,0.04943494871258736,-0.07247690111398697,0.01362940575927496,-0.02623152732849121,0.0001160029205493629,-0.3484557271003723,0.01010544691234827,0.6738959550857544,-0.21230517327785492,-0.35392746329307556
0.11927986890077591,0.005174078978598118,0.9837766885757446,-0.14108332991600037,-0.02632232941687107,-0.2591874301433563,-0.3225266933441162,-0.0037779011763632298,-0.003077870234847069,0.3331797420978546,-0.09352990984916687,-0.13177254796028137,0.09356638789176941,-0.0458967387676239,-0.020653799176216125,-0.019604161381721497,0.1410745084285736,0.0636013001203537,-0.015156473964452744,0.01894146390259266,-0.03605842962861061,0.00011352141882525757,-0.3719761371612549,0.018073739483952522,0.6718578934669495,-0.1937524974346161,-0.31293293833732605
0.10027596354484558,0.00028845565975643694,0.9750433564186096,-0.11052682250738144,0.05270674452185631,-0.24743664264678955,-0.14082525670528412,-0.016148099675774574,-0.04339779540896416,0.25209271907806396,-0.20897932350635529,-0.08527832478284836,0.15944090485572815,-0.01734025590121746,0.08740532398223877,-0.022693214938044548,0.05834042280912399,0.09193119406700134,0.056858643889427185,0.025428038090467453,-0.03291937708854675,7.687509059906006e-05,-0.4343385696411133,0.029526256024837494,0.6304836869239807,-0.19154700636863708,-0.26019540429115295
0.07127022743225098,-0.0032796859741210938,0.9675850868225098,-0.08855253458023071,0.19512522220611572,-0.22300191223621368,-0.21549174189567566,-0.024424361065030098,-0.032667066901922226,0.1866540014743805,-0.10479800403118134,-0.008780310861766338,0.28431379795074463,0.0032074996270239353,0.34559375047683716,-0.028061043471097946,-0.03895051032304764,0.13253946602344513,-0.08324799686670303,0.03059387020766735,-0.06844832003116608,4.606443690136075e-05,-0.4869934022426605,0.038705967366695404,0.46213409304618835,-0.2032230943441391,-0.3042132258415222
0.03408254310488701,-0.005443096160888672,0.9578502178192139,-0.05693643540143967,0.19031432271003723,-0.18297110497951508,-0.14965398609638214,-0.035240139812231064,-0.02690303325653076,0.13223925232887268,-0.22105994820594788,-0.04717445746064186,0.4815830588340759,0.24448184669017792,0.6059020757675171,-0.03693191334605217,-0.07771036773920059,0.1816159337759018,-0.039169952273368835,0.0365888737142086,-0.04535752162337303,3.4199813399027335e-06,-0.46000611782073975,0.05127668008208275,0.5719626545906067,-0.18646016716957092,0.1502320021390915
0.017553329467773438,0.004944274667650461,0.9500060677528381,-0.04233790561556816,0.06753188371658325,-0.1554592400789261,0.4094666838645935,-0.033026568591594696,-0.0319649837911129,0.062442805618047714,-0.32043948769569397,-0.020184876397252083,0.5281082987785339,0.14451813697814941,0.4577646851539612,-0.06275781989097595,0.06723654270172119,0.2051161527633667,-0.15760518610477448,0.03975488618016243,0.006505921483039856,-3.5483910323819146e-05,-0.3621925413608551,0.06808197498321533,0.4811760485172272,-0.14659704267978668,0.7396453619003296
0.009335190057754517,0.010459315031766891,0.9427934288978577,-0.030242692679166794,0.026782141998410225,-0.14208562672138214,1.0786057710647583,-0.030019229277968407,0.05627827346324921,-5.704161480934999e-07,-0.5104788541793823,0.023889703676104546,0.45896393060684204,0.22086232900619507,0.6109370589256287,-0.09566818177700043,0.10913820564746857,0.21678709983825684,0.5140872001647949,0.03273862972855568,0.021443616598844528,0.023802336305379868,-0.15874989330768585,0.07007981836795807,0.12092305719852448,0.03859693557024002,0.3361073434352875
-0.008703231811523438,0.0019675185903906822,0.939753532409668,-0.03458525985479355,-0.069637231528759,-0.11657419800758362,0.824821412563324,-0.02817068248987198,0.11340121924877167,-2.5904111680574715e-05,-0.5410646200180054,0.03624533861875534,0.376520574092865,0.2757418155670166,0.6404830813407898,-0.12136048078536987,0.14336523413658142,0.24282607436180115,0.2626377046108246,-0.004951190203428268,-0.05921934172511101,0.09123913943767548,-0.008663434535264969,-0.02008063904941082,0.07693349570035934,-0.2959476709365845,-0.23282746970653534
-0.025696754455566406,-0.01242685317993164,0.9357300400733948,-0.03203422203660011,-0.01810484565794468,-0.09155210107564926,0.7625436186790466,-0.027242092415690422,0.06285050511360168,2.1523612758755917e-06,-0.46245521306991577,0.04790599271655083,0.38447338342666626,0.34909823536872864,0.6597404479980469,-0.13327796757221222,0.03185178339481354,0.2599004805088043,0.33341899514198303,-0.0005005926359444857,0.013406811282038689,0.1541745662689209,-0.030772443860769272,-0.08127159625291824,0.06889864802360535,-0.47616973519325256,-0.22180300951004028
-0.042577266693115234,-0.026599884033203125,0.9331212639808655,-0.030138326808810234,0.039754077792167664,-0.06753668934106827,0.7025175094604492,-0.025158638134598732,0.06805635988712311,-2.179677176172845e-05,-0.4330052137374878,0.05975814536213875,0.33690035343170166,0.4067361652851105,0.6751067638397217,-0.13514438271522522,0.01415911316871643,0.2598828375339508,0.41505366563796997,-0.0026539568789303303,-0.016803668811917305,0.1989922821521759,0.0014739036560058594,-0.10276385396718979,0.066001296043396,-0.4425026476383209,-0.24686779081821442
-0.06511640548706055,-0.03994321823120117,0.9289824366569519,-0.028887774795293808,0.00035087624564766884,-0.034716490656137466,0.5562818050384521,-0.02100520022213459,0.04483680799603462,-1.8158720195060596e-05,-0.47094130516052246,0.07111039757728577,0.17542089521884918,0.41961634159088135,0.6090866923332214,-0.13028402626514435,0.021392997354269028,0.2598824203014374,0.3908805251121521,-0.00490487739443779,-0.021402111276984215,0.2316543459892273,0.062108080834150314,-0.11068220436573029,0.011784393340349197,-0.2766284942626953,-0.18028615415096283
-0.08889484405517578,-0.05061769485473633,0.9232286214828491,-0.03004341945052147,-0.09080740064382553,0.002588937757536769,0.37746137380599976,-0.016001753509044647,-0.0071424450725317,-4.6783559810137376e-05,-0.5309140086174011,0.08198876678943634,0.0039377361536026,0.3985728323459625,0.5235848426818848,-0.12742213904857635,0.09526128321886063,0.2597321569919586,0.4143429398536682,-0.010209941305220127,-0.02507486566901207,0.27189207077026367,0.10477624833583832,-0.13642744719982147,0.012936234474182129,-0.038488809019327164,-0.09161167591810226
-0.1098794937133789,-0.058467864990234375,0.9171463251113892,-0.033995259553194046,0.005160009954124689,0.038244735449552536,0.18725205957889557,-0.011364278383553028,0.0016375258564949036,5.2402083383640274e-05,-0.486427366733551,0.0931769534945488,0.13571181893348694,0.37124523520469666,0.4236041307449341,-0.12012597918510437,0.0167757086455822,0.2595432996749878,0.5070830583572388,-0.009418761357665062,-0.006884959526360035,0.30379611253738403,0.08681246638298035,-0.15165644884109497,0.022541267797350883,0.18065010011196136,0.056245870888233185
-0.1260218620300293,-0.0631566047668457,0.9103119969367981,-0.04098523408174515,0.02831338904798031,0.07005197554826736,0.05794151872396469,-0.006728024687618017,-0.003791341558098793,-5.191072341403924e-05,-0.4893382787704468,0.10425505042076111,0.1608768254518509,0.3339104652404785,0.3178250193595886,-0.10948414355516434,0.008217737078666687,0.25985369086265564,0.48869943618774414,-0.006974782794713974,-0.015973541885614395,0.32520821690559387,0.04621428623795509,-0.1596004068851471,0.021993141621351242,0.3312849998474121,0.21463607251644135
-0.13462400436401367,-0.06496953964233398,0.9029673933982849,-0.05118398740887642,0.033272527158260345,0.09403518587350845,0.1545204520225525,-0.0021218769252300262,-0.03753715753555298,-4.077688208781183e-05,-0.4790383577346802,0.11574390530586243,0.21413756906986237,0.30058106780052185,0.3128342032432556,-0.09717576950788498,0.017524581402540207,0.25921642780303955,0.4151269495487213,-0.0039390637539327145,-0.012607090175151825,0.3384397625923157,0.03669768199324608,-0.1650104522705078,0.010999824851751328,0.38656437397003174,0.25704067945480347
-0.1358933448791504,-0.06506156921386719,0.8957074880599976,-0.06333395838737488,0.03467967361211777,0.11079341173171997,0.1898461878299713,0.0019705549348145723,-0.027841493487358093,-4.398215241963044e-05,-0.49650198221206665,0.1277133971452713,0.17585957050323486,0.25990188121795654,0.24777518212795258,-0.08093135058879852,0.019140534102916718,0.25740504264831543,0.29677921533584595,-0.002070316346362233,-0.00249691866338253,0.3396156430244446,-0.0004292242228984833,-0.16893230378627777,0.020030509680509567,0.34860286116600037,0.2576054632663727
-0.12869739532470703,-0.06466913223266602,0.8889583349227905,-0.07359998673200607,0.014400934800505638,0.11831100285053253,0.2500861585140228,0.008280511945486069,-0.02368011325597763,-4.751100277644582e-06,-0.5054576396942139,0.12133798748254776,0.132145956158638,0.18169990181922913,0.20313012599945068,-0.05483071133494377,0.053325045853853226,0.24694649875164032,0.17287003993988037,-0.001281122793443501,0.004082486033439636,0.31651273369789124,-0.03369046375155449,-0.16237343847751617,0.041143979877233505,0.29696863889694214,0.17107243835926056
-0.10895824432373047,-0.058260440826416016,0.8829547762870789,-0.09249845147132874,-0.03467723727226257,0.11072540283203125,0.2616087794303894,0.014010090380907059,-0.018390953540802002,-1.3644122418554616e-06,-0.543058454990387,0.1275774985551834,0.13642889261245728,0.12924323976039886,0.22068887948989868,-0.03202950954437256,0.07295818626880646,0.21990402042865753,0.14027546346187592,-0.004607419949024916,-0.008592493832111359,0.28326931595802307,-0.08660729229450226,-0.1552320271730423,0.0488874651491642,0.2773178815841675,0.07630856335163116
-0.07797670364379883,-0.04920673370361328,0.8772162199020386,-0.1154726892709732,-0.06085629016160965,0.09033758193254471,0.27026963233947754,0.020137492567300797,0.015215449035167694,-1.0460239536769222e-06,-0.5894228219985962,0.14240282773971558,0.11743049323558807,0.1008552759885788,0.2498476505279541,-0.008303361013531685,0.13443990051746368,0.18006367981433868,0.17107133567333221,-0.006996666546911001,-0.012529879808425903,0.23845696449279785,-0.13503924012184143,-0.1399136483669281,0.07366602122783661,0.2668253183364868,-0.0035254787653684616
-0.038239479064941406,-0.04060173034667969,0.8721835613250732,-0.1377130001783371,-0.10787542909383774,0.06131430342793465,0.20762883126735687,0.027782069519162178,-0.01099870540201664,-4.03562171413796e-06,-0.5435451865196228,0.15641668438911438,0.15646319091320038,0.07373226433992386,0.17281241714954376,0.020444199442863464,0.22237038612365723,0.1325255185365677,0.06564466655254364,-0.007048758212476969,-0.008068697527050972,0.18338802456855774,-0.33386364579200745,-0.14004842936992645,0.01941254362463951,0.205516517162323,-0.2569236755371094
0.0021271915175020695,-0.030875205993652344,0.8667725920677185,-0.1609126180410385,0.06394711881875992,0.03437137231230736,-0.13880714774131775,0.03738507255911827,0.04589361697435379,8.049250027397648e-06,-0.42576614022254944,0.16818173229694366,0.2444368153810501,0.02789357304573059,-0.18675222992897034,0.03886548802256584,0.08114450424909592,0.09219752252101898,-0.07803317904472351,-0.005715020000934601,0.03154844045639038,0.12948814034461975,-0.6759459972381592,-0.1392640322446823,-0.037661436945199966,-0.13234418630599976,-0.38416481018066406
-0.023138046264648438,-0.03647470474243164,0.8709698915481567,-0.1705731600522995,0.2518234848976135,0.08137959241867065,-0.7081096768379211,0.024859201163053513,0.07479824125766754,-2.7598389351624064e-05,-0.26446521282196045,0.18955747783184052,0.3036380410194397,-0.051720838993787766,-0.6234673261642456,0.05129854753613472,-0.12261669337749481,0.1371137946844101,-0.809336245059967,-0.004268186166882515,0.021133653819561005,0.09115569293498993,-1.0455033779144287,-0.12160028517246246,-0.07438595592975616,-0.1261133998632431,-0.6379814743995667
-0.003337860107421875,-0.041532039642333984,0.8738163113594055,-0.1775818169116974,0.32393142580986023,0.07147719711065292,-0.9068852066993713,0.030908720567822456,0.01735614240169525,0.009472490288317204,-0.08725854754447937,0.17130152881145477,0.26401615142822266,-0.18198537826538086,-0.3950929045677185,0.08914104849100113,-0.27043071389198303,0.12923601269721985,-1.0430173873901367,-0.005463846027851105,-0.08983166515827179,1.6587881646046299e-06,-0.9446619153022766,-0.05051437020301819,0.0194997675716877,-0.14408336579799652,-0.5862348079681396
0.022894607856869698,-0.04819011688232422,0.8736275434494019,-0.19033168256282806,0.064519003033638,0.0405256450176239,-0.14614498615264893,-0.019622011110186577,-0.09044110029935837,0.08006574958562851,-0.04441269114613533,0.022641697898507118,0.11384113878011703,0.017956703901290894,-0.14489983022212982,0.08554910868406296,0.05859975144267082,0.11053282022476196,-0.3214569389820099,-0.015068769454956055,-0.17699651420116425,6.233494059415534e-05,-0.45194390416145325,-0.039664048701524734,0.3069221079349518,-0.1487724632024765,-0.29899975657463074
0.05262293294072151,-0.05985307693481445,0.8733822107315063,-0.18238261342048645,-0.018020687624812126,-0.006393193267285824,-0.43681856989860535,-0.03750181198120117,0.00606013648211956,0.12598735094070435,-0.13118451833724976,-0.03497270122170448,0.15945465862751007,0.1770506501197815,-0.14314572513103485,0.08870167285203934,0.04164443165063858,0.085539311170578,-0.507506251335144,-0.01977265626192093,-0.017497150227427483,9.880501602310687e-05,-0.5213547348976135,-0.0317845344543457,0.28982409834861755,-0.13720081746578217,-0.16759350895881653
0.0805252268910408,-0.06478071212768555,0.8728122115135193,-0.17925021052360535,-0.017479507252573967,-0.060595061630010605,-0.27037858963012695,-0.029929708689451218,0.017745330929756165,0.17639854550361633,0.024818692356348038,-0.06359683722257614,0.08197182416915894,0.2610921561717987,-0.01298193633556366,0.08421391248703003,0.03741563856601715,0.06081017106771469,-0.550150990486145,-0.022590655833482742,-0.0572887547314167,2.1838428438059054e-05,-0.4498898386955261,-0.022738510742783546,0.2762179374694824,-0.14259177446365356,-0.06194900721311569
0.10511521250009537,-0.06042814254760742,0.8730930685997009,-0.19633179903030396,-0.13329392671585083,-0.11362966150045395,-0.027774741873145103,-0.02052360400557518,-0.012089164927601814,0.2566271722316742,0.08362485468387604,-0.10117141157388687,0.04758576676249504,0.29896390438079834,0.157767191529274,0.0688408687710762,0.1173800528049469,0.037923283874988556,-0.6007688641548157,-0.024842506274580956,-0.09004974365234375,-4.0490062929166015e-06,-0.4619271755218506,-0.011827194131910801,0.23407390713691711,-0.14340467751026154,-0.09279476851224899
0.12667930126190186,-0.0538477897644043,0.8717994689941406,-0.20153594017028809,-0.11050344258546829,-0.15888941287994385,-0.14937461912631989,-0.011347288265824318,0.00889621116220951,0.3068895936012268,0.029259826987981796,-0.1171761304140091,0.04253319650888443,0.2453363984823227,0.16169516742229462,0.050788767635822296,0.12302716076374054,0.017236828804016113,-0.5181161761283875,-0.024406680837273598,-0.021490048617124557,5.768800747318892e-06,-0.46853208541870117,-0.00016329195932485163,0.20211465656757355,-0.14467297494411469,-0.19701655209064484
0.14337655901908875,-0.04779386520385742,0.8686209917068481,-0.1916898936033249,-0.10378982126712799,-0.19929438829421997,-0.3928542733192444,-0.0037066650111228228,0.014742155559360981,0.330241858959198,0.04187905415892601,-0.157872274518013,-0.018856458365917206,0.14661625027656555,0.03642772138118744,0.03333549201488495,0.12002775073051453,0.001163334702141583,-0.2762974202632904,-0.021265799179673195,0.0036642886698246002,-5.254938741927617e-07,-0.47031086683273315,0.011779038235545158,0.21880565583705902,-0.14542081952095032,-0.18854764103889465
0.15445686876773834,-0.04083967208862305,0.8660726547241211,-0.17865203320980072,-0.08138586580753326,-0.23918065428733826,-0.2948245406150818,0.0001998532679863274,-0.012827808037400246,0.34168869256973267,0.0689035952091217,-0.18365542590618134,0.02600376307964325,0.07784613221883774,-0.04510558396577835,0.014895652420818806,0.09592854231595993,-0.009332005865871906,-0.35968220233917236,-0.017945842817425728,-0.010618522763252258,-4.785256805917015e-06,-0.509483277797699,0.02369147539138794,0.11662416160106659,-0.14621798694133759,-0.24820394814014435
0.1529979556798935,-0.032944679260253906,0.8640710711479187,-0.1745968759059906,-0.05056045204401016,-0.25980037450790405,-0.3714160919189453,0.012372761033475399,-0.0024828240275382996,0.3705713152885437,0.13659748435020447,-0.18239812552928925,0.0366586297750473,-0.06482899188995361,-0.08328021317720413,-0.0034373486414551735,0.049694523215293884,-0.004769209306687117,-0.38752731680870056,-0.01212048064917326,0.030824419111013412,3.305807013020967e-06,-0.5070738792419434,0.023906005546450615,0.07398539781570435,-0.15796300768852234,-0.29964274168014526
0.1438455432653427,-0.02725839614868164,0.8583822250366211,-0.15902388095855713,-0.07695215195417404,-0.25987061858177185,-0.6056132912635803,0.0041457596234977245,-0.009650681167840958,0.38262391090393066,0.034776221960783005,-0.16554322838783264,0.024484917521476746,-0.325365275144577,-0.147231787443161,-0.021633999422192574,0.1305525004863739,0.010387097485363483,-0.1977114975452423,-0.006891136988997459,0.0027479175478219986,-3.2853890843398403e-06,-0.5007882714271545,0.0424957275390625,0.2964083254337311,-0.17701634764671326,-0.3491229712963104
0.13276296854019165,-0.025861263275146484,0.8531843423843384,-0.1330724060535431,-0.033481497317552567,-0.25968313217163086,-0.6198316216468811,-0.006574627477675676,-0.0024661440402269363,0.38072487711906433,0.01961154118180275,-0.1597938984632492,0.026016660034656525,-0.4594988524913788,-0.23031093180179596,-0.034379877150058746,0.13375172019004822,0.02655368484556675,-0.06416609138250351,-0.003119906410574913,-0.00362379290163517,-2.9272584924910916e-06,-0.5031550526618958,0.060054026544094086,0.2973816692829132,-0.161048024892807,-0.359640508890152
0.11159870028495789,-0.026936054229736328,0.847481906414032,-0.08903219550848007,-0.005035520996898413,-0.257867693901062,-0.5887081027030945,-0.01570851355791092,0.004556397907435894,0.3380112946033478,-0.12748081982135773,-0.14746268093585968,0.04664229601621628,-0.4502909183502197,-0.1669396311044693,-0.043505631387233734,0.12954144179821014,0.05468950793147087,0.0571419894695282,0.0006590047851204872,0.05359049513936043,9.301165846409276e-06,-0.5044114589691162,0.07128969579935074,0.16473804414272308,-0.171654611825943,-0.3291483521461487
0.08529877662658691,-0.025983333587646484,0.8409252166748047,-0.035373084247112274,0.11046089977025986,-0.2587164044380188,-0.38691237568855286,-0.023965822532773018,-0.04248274862766266,0.26089563965797424,-0.24618399143218994,-0.1464270055294037,0.026545614004135132,-0.30342504382133484,0.056959591805934906,-0.055237118154764175,0.06666826456785202,0.08796209841966629,-0.07066261768341064,0.004640561994165182,0.009683096781373024,1.1820372492366005e-05,-0.4972272217273712,0.0830148309469223,0.36418643593788147,-0.17316730320453644,-0.3012790083885193
0.04991864413022995,-0.0198516845703125,0.8359392285346985,0.010487967170774937,0.1686374545097351,-0.2510870397090912,-0.1573270857334137,-0.03718043863773346,-0.06523490697145462,0.17820405960083008,-0.24375014007091522,-0.134532168507576,0.08504685759544373,-0.12457069754600525,0.40193790197372437,-0.07361934334039688,0.00038966909050941467,0.1314765065908432,-0.14032883942127228,0.005638061091303825,-0.0060677845031023026,6.534035492222756e-06,-0.5388633608818054,0.0959722101688385,0.2746247351169586,-0.18043868243694305,-0.31086674332618713
-0.0038428306579589844,-0.012219905853271484,0.8293789625167847,0.06507787108421326,0.17166754603385925,-0.21559938788414001,0.007417598739266396,-0.04991689696907997,-0.07461259514093399,0.06407004594802856,-0.4220198690891266,-0.13086625933647156,0.05790188908576965,0.1638026237487793,0.6237032413482666,-0.09466815739870071,0.023241056129336357,0.19394494593143463,-0.07738202065229416,0.004276847001165152,0.056484632194042206,-5.415718624135479e-05,-0.4548782706260681,0.10951051115989685,0.18110547959804535,-0.1254240721464157,0.13785701990127563
-0.024543285369873047,0.0008242148323915899,0.8189563751220703,0.07018624991178513,-0.08780922740697861,-0.1917760819196701,0.9828795790672302,-0.03585047647356987,-0.01433151587843895,-2.2392191567632835e-06,-0.6458007097244263,-0.0655609741806984,-0.018934905529022217,0.22693434357643127,0.4131396412849426,-0.12200311571359634,0.16285058856010437,0.21675141155719757,0.3410585820674896,0.004367212299257517,0.04927051067352295,-3.6658169847214594e-05,-0.3492916226387024,0.12418301403522491,0.42026761174201965,0.01598508283495903,0.7169314622879028
-0.050466060638427734,0.005055667366832495,0.8097488284111023,0.05736708268523216,-0.04748525843024254,-0.1616799682378769,0.8813133239746094,-0.0237724632024765,0.09893593937158585,-6.670960283372551e-05,-0.6505540609359741,-0.0588502399623394,0.3567715287208557,0.24949906766414642,0.5304065942764282,-0.1348838061094284,0.13628149032592773,0.23950442671775818,0.4132038950920105,0.017078904435038567,-0.05910320580005646,4.4753965084964875e-06,-0.14873246848583221,0.132812961935997,0.16378726065158844,0.10936387628316879,-0.21316100656986237
-0.08073091506958008,0.004936789628118277,0.8085007071495056,0.049995820969343185,-0.012065133079886436,-0.12481828033924103,0.49115440249443054,-0.019447533413767815,0.13130857050418854,-3.905771518475376e-05,-0.5354944467544556,-0.051976267248392105,0.35279369354248047,0.2405417114496231,0.5417743921279907,-0.1354127675294876,0.03167278692126274,0.25995710492134094,0.3237670361995697,0.021598413586616516,-0.030923735350370407,0.013307546265423298,0.017215237021446228,0.07894973456859589,0.05674548074603081,0.16141726076602936,-0.02918875776231289
-0.10187387466430664,0.006660185754299164,0.8086571097373962,0.04035259038209915,0.1386861652135849,-0.09988214820623398,0.3620477020740509,-0.018144330009818077,0.10954564064741135,-1.4519572687277105e-05,-0.4638005495071411,-0.0441620834171772,0.4516429901123047,0.26825255155563354,0.5295823812484741,-0.15754352509975433,-0.06657625734806061,0.2599989175796509,0.5264875292778015,0.006742587313055992,-0.034271202981472015,0.08814839273691177,0.09937483072280884,-0.02056403085589409,0.002442922443151474,0.35109782218933105,0.12353198975324631
-0.12226438522338867,0.0017865760019049048,0.8072430491447449,0.03853626176714897,0.15067553520202637,-0.07507570087909698,0.2571278214454651,-0.014942190609872341,0.06530870497226715,-7.144165465433616e-06,-0.4310625493526459,-0.0379483625292778,0.4467417597770691,0.27824804186820984,0.4822320342063904,-0.17779098451137543,-0.08822713047266006,0.25992539525032043,0.6322901844978333,-0.006498889531940222,-0.031092163175344467,0.18212208151817322,0.08357326686382294,-0.08561863005161285,0.030960697680711746,0.4080815017223358,0.18257968127727509
-0.1395883560180664,-0.006744384765625,0.8070012927055359,0.04093904048204422,0.15525326132774353,-0.05324627831578255,0.25294461846351624,-0.012484446167945862,0.057278044521808624,-1.2515763046394568e-05,-0.44616448879241943,-0.03211531043052673,0.36427152156829834,0.2790486812591553,0.42434585094451904,-0.18017609417438507,-0.09800398349761963,0.25992268323898315,0.5521520376205444,-0.011269748210906982,-0.016093837097287178,0.24849599599838257,0.05732584372162819,-0.11114155501127243,0.009798239916563034,0.024306612089276314,0.3033263087272644
-0.15334177017211914,-0.01357126235961914,0.8056493401527405,0.041474562138319016,0.12953674793243408,-0.035160668194293976,0.22281374037265778,-0.009205511771142483,0.05016767978668213,-1.6408812371082604e-05,-0.4863094091415405,-0.02625632844865322,0.3158535957336426,0.2756262719631195,0.4454510807991028,-0.17378634214401245,-0.08974715322256088,0.25999915599823,0.6138868927955627,-0.009451507590711117,-0.0045038796961307526,0.29223036766052246,0.06038198247551918,-0.13025601208209991,0.001531604677438736,-0.0460166409611702,0.3060963451862335
-0.16266775131225586,-0.01662731170654297,0.8034663200378418,0.03768083080649376,0.13477054238319397,-0.021634967997670174,0.2882276475429535,-0.005708182230591774,0.01228584535419941,-2.8751097488566302e-05,-0.48993295431137085,-0.02000541426241398,0.27593857049942017,0.26128438115119934,0.4160066843032837,-0.1644776612520218,-0.07944604009389877,0.2599983513355255,0.6309095025062561,-0.0011895090574398637,0.0012992005795240402,0.3210364580154419,0.0393962524831295,-0.16828323900699615,-0.023788761347532272,-0.14030683040618896,0.24549642205238342
-0.16810083389282227,-0.016103267669677734,0.8003002405166626,0.029839446768164635,0.09576346725225449,-0.01215128879994154,0.25172850489616394,-0.001999269239604473,0.01069042831659317,-4.380138125270605e-05,-0.5246177911758423,-0.013344690203666687,0.2020912617444992,0.24072445929050446,0.407446026802063,-0.1526995599269867,-0.0308343768119812,0.2599985897541046,0.6257740259170532,0.0011245006462559104,-0.018743570894002914,0.3310677707195282,0.037809405475854874,-0.17583586275577545,0.040873873978853226,-0.2077704817056656,0.227537602186203
-0.1676006317138672,-0.012916088104248047,0.7958078980445862,0.019007476046681404,0.057889439165592194,-0.009514769539237022,0.23108604550361633,0.002111702458932996,0.013762291520833969,-4.0778697439236566e-05,-0.5061059594154358,-0.006452430970966816,0.284163236618042,0.2304653376340866,0.39444953203201294,-0.14235368371009827,0.007415879517793655,0.2599729001522064,0.5857118964195251,0.002482758369296789,-0.020100191235542297,0.33582502603530884,0.057279299944639206,-0.17134623229503632,0.04102560505270958,-0.23798422515392303,0.17639803886413574
-0.1623244285583496,-0.009305477142333984,0.7923784852027893,0.007392317056655884,0.1040639728307724,-0.011813686229288578,0.16770228743553162,0.005142082925885916,0.005669921636581421,-2.1688349079340696e-05,-0.49096667766571045,0.0009953303961083293,0.29513078927993774,0.20991221070289612,0.3373252749443054,-0.13101473450660706,-0.015218734741210938,0.2599353790283203,0.5656476616859436,-0.006959966849535704,-0.033520638942718506,0.3385096490383148,0.05158675089478493,-0.16388872265815735,0.03433052822947502,-0.29292213916778564,0.15030322968959808
-0.15104007720947266,-0.008178234100341797,0.789024293422699,-0.001161298481747508,0.07245435565710068,-0.020552583038806915,0.17013037204742432,0.008505160920321941,0.020996425300836563,-5.449702075566165e-05,-0.5105938911437988,0.007825221866369247,0.1338622123003006,0.1808132827281952,0.33269548416137695,-0.11652227491140366,0.021543845534324646,0.2598648965358734,0.471439391374588,-0.004374407231807709,-0.009823236614465714,0.3423195481300354,0.063774973154068,-0.15456616878509521,0.04904148355126381,-0.34484612941741943,0.12445292621850967
-0.1309795379638672,-0.00783395767211914,0.785183846950531,-0.00849211122840643,0.12017399817705154,-0.03965834155678749,0.09323803335428238,0.01255046296864748,0.015225701034069061,-3.582690260373056e-05,-0.46914440393447876,0.014168837107717991,0.23069508373737335,0.17041201889514923,0.24529346823692322,-0.09543552994728088,-0.01893502101302147,0.25590071082115173,0.2984270453453064,-0.0038279241416603327,-0.019511694088578224,0.3333539664745331,-0.08764762431383133,-0.14528514444828033,0.05055603012442589,-0.3788762390613556,0.07229689508676529
-0.10332059860229492,-0.004329204559326172,0.782626211643219,-0.01956423744559288,0.09232034534215927,-0.06740890443325043,0.28532931208610535,0.01546783559024334,0.01898837834596634,-2.1678408302250318e-05,-0.4810696542263031,0.02136991173028946,0.3226342797279358,0.17074385285377502,0.24957062304019928,-0.06250690668821335,0.053952958434820175,0.2462533712387085,0.013238787651062012,-0.004384956322610378,0.006656849756836891,0.2870170772075653,-0.27565011382102966,-0.14418716728687286,0.014380816370248795,-0.3824957013130188,-0.1270112246274948
-0.06825590133666992,0.0024092688690871,0.7823765277862549,-0.03474149480462074,0.05323594808578491,-0.10363136231899261,0.4810038208961487,0.01685059815645218,0.05958018824458122,-9.474808393861167e-06,-0.4726056456565857,0.029734022915363312,0.36705726385116577,0.17185601592063904,0.2558472156524658,-0.012155914679169655,0.16850818693637848,0.22209829092025757,-0.26376837491989136,-0.0048950063064694405,0.010778700932860374,0.18981172144412994,-0.3714126944541931,-0.16143043339252472,-0.02182871475815773,-0.27907297015190125,-0.29343441128730774
-0.025946617126464844,0.014760409481823444,0.7785156965255737,-0.05666178837418556,0.08567025512456894,-0.14770740270614624,0.2944028973579407,0.023261863738298416,0.026952382177114487,-6.268173819989897e-06,-0.3880966901779175,0.03836206719279289,0.41104114055633545,0.17370156943798065,0.004528217017650604,0.01812027022242546,0.16185927391052246,0.17941376566886902,-0.08324873447418213,-0.0005705677904188633,0.024888241663575172,0.11342916637659073,-0.4966418743133545,-0.18175409734249115,-0.04485200718045235,-0.029681595042347908,-0.48187896609306335
-0.0010919570922851562,0.024549726396799088,0.7728835344314575,-0.07608693093061447,0.14923647046089172,-0.17034444212913513,-0.17228776216506958,0.03163936361670494,0.04570852220058441,4.997023097530473e-06,-0.2826920449733734,0.046519648283720016,0.4024348258972168,0.17033828794956207,-0.5974194407463074,0.013279072009027004,0.08426845073699951,0.15836688876152039,-0.286522775888443,0.0017862480599433184,0.10077634453773499,0.07177013158798218,-0.8291513919830322,-0.10995525121688843,-0.31828370690345764,-0.15907859802246094,-0.8179559707641602
0.01721179485321045,0.02292393520474434,0.7769015431404114,-0.08187225461006165,0.18404605984687805,-0.18124514818191528,-0.5893282294273376,0.02758558839559555,0.07799428701400757,4.467388407647377e-06,-0.19602280855178833,0.05514681339263916,0.1894570291042328,0.00030887010507285595,-0.5262300968170166,0.04477742314338684,-0.04042704403400421,0.14314669370651245,-0.8242148756980896,0.002905957866460085,-0.014131542295217514,-1.453102754567226e-06,-0.9560036659240723,-0.07406400144100189,-0.024163145571947098,-0.17274779081344604,-0.9254707098007202
0.0507609061896801,0.02041211538016796,0.7718459963798523,-0.08363202214241028,0.06868771463632584,-0.20834337174892426,-0.35563933849334717,0.03525589406490326,-0.07407260686159134,0.005322217009961605,-0.057827092707157135,0.04442211240530014,0.09991108626127243,0.06883130967617035,0.02891235053539276,0.03917192295193672,0.03401549160480499,0.10886234790086746,-0.5986009240150452,0.0043627070263028145,-0.12052600085735321,3.9578098949277773e-05,-0.4616079032421112,-0.05957106873393059,0.40667590498924255,-0.18106789886951447,-0.5533049702644348
0.08219467103481293,0.01521470956504345,0.7681735157966614,-0.08707144111394882,-0.07286219298839569,-0.2335604727268219,-0.10120844841003418,0.02897465229034424,-0.09199182689189911,0.03866863250732422,0.051901187747716904,0.006803493481129408,0.034477535635232925,0.16348575055599213,0.005753181874752045,0.03908678516745567,0.14485962688922882,0.07670579105615616,-0.4583110213279724,0.0056246016174554825,-0.1411426067352295,5.537325705518015e-05,-0.30480295419692993,-0.05392547696828842,0.5460080504417419,-0.20809587836265564,-0.32843467593193054
0.10924699902534485,0.012944145128130913,0.7673346400260925,-0.1104489266872406,-0.117220938205719,-0.25397631525993347,-0.3131069242954254,0.015001483261585236,-0.033024318516254425,0.11846675723791122,0.11163952946662903,-0.054057881236076355,-0.02464313805103302,0.23863284289836884,-0.024356409907341003,0.03606855496764183,0.1634979397058487,0.049516648054122925,-0.25193658471107483,0.004040221218019724,-0.10028648376464844,8.57171617099084e-05,-0.29420724511146545,-0.04872962832450867,0.6411136388778687,-0.25053486227989197,-0.3021933436393738
0.12662973999977112,0.012682894244790077,0.7670481204986572,-0.14659032225608826,-0.13692867755889893,-0.2600001394748688,-0.4868220090866089,0.005284235812723637,-0.004981439560651779,0.22416624426841736,0.08395048975944519,-0.13501226902008057,-0.035988979041576385,0.23434506356716156,-0.014999181032180786,0.029506027698516846,0.17455706000328064,0.033307772129774094,-0.07821262627840042,0.0020124120637774467,-0.07760380208492279,8.781717042438686e-05,-0.3326510488986969,-0.038257867097854614,0.6492827534675598,-0.27444586157798767,-0.3438285291194916
0.14027070999145508,0.010974482633173466,0.7643143534660339,-0.16358248889446259,-0.09078890085220337,-0.259957492351532,-0.5290542244911194,-0.002114582806825638,-0.006410354748368263,0.2856915593147278,0.034138504415750504,-0.1626913845539093,0.014486979693174362,0.2031892091035843,-0.11687639355659485,0.024674931541085243,0.1384575217962265,0.02095923386514187,-0.2584231197834015,0.004298197105526924,-0.03906048834323883,0.00010137820208910853,-0.4275139570236206,-0.03515665978193283,0.43335121870040894,-0.28639551997184753,-0.4814150631427765
0.14976465702056885,0.009265764616429806,0.7609311938285828,-0.16933904588222504,-0.0730416551232338,-0.2598135471343994,-0.5902431011199951,-0.006439183373004198,0.013713299296796322,0.31890103220939636,0.05414821580052376,-0.17332673072814941,0.0022879354655742645,0.20790179073810577,-0.1738550215959549,0.018786223605275154,0.12669649720191956,0.012028840370476246,-0.2224063128232956,0.007835878059267998,0.00018129870295524597,9.291692549595609e-05,-0.4569215476512909,-0.026918873190879822,0.30596867203712463,-0.2627590298652649,-0.4933953583240509
0.15321770310401917,0.007349255960434675,0.7562568187713623,-0.16442644596099854,-0.0389614999294281,-0.2598985731601715,-0.6368779540061951,-0.009952811524271965,0.0020347237586975098,0.3300553858280182,0.046260084956884384,-0.18032923340797424,-0.0004321932792663574,0.23619748651981354,-0.2477770298719406,0.012928688898682594,0.0755508691072464,0.010039548389613628,-0.2966400682926178,0.012417150661349297,0.032953474670648575,3.476568963378668e-05,-0.4930937886238098,-0.018340077251195908,0.1943567544221878,-0.2502967417240143,-0.46560126543045044
0.1514061987400055,0.007718122098594904,0.7524533867835999,-0.16340115666389465,-0.0327875092625618,-0.2600001096725464,-0.5976212620735168,-0.004480080213397741,0.017304811626672745,0.3456991910934448,0.08991362154483795,-0.17846399545669556,0.019176766276359558,0.2508936822414398,-0.23619984090328217,0.004401098471134901,0.05810170993208885,0.013867681846022606,-0.24720080196857452,0.016421997919678688,-0.01893305778503418,6.640125502599403e-05,-0.48070546984672546,-0.009440646506845951,0.2764953672885895,-0.23979640007019043,-0.41256025433540344
0.14447784423828125,0.008519468829035759,0.7502461671829224,-0.16042831540107727,-0.03895195946097374,-0.2600000500679016,-0.6620447039604187,-0.0019579092040657997,0.008933421224355698,0.35795044898986816,0.041305337101221085,-0.17361272871494293,0.010476820170879364,0.2539287805557251,-0.21605302393436432,-0.0043432582169771194,0.06926774978637695,0.0233615729957819,-0.12657564878463745,0.01880228891968727,-0.0145702064037323,6.921967724338174e-05,-0.47512689232826233,-0.0010478475596755743,0.26811784505844116,-0.22991633415222168,-0.3849283754825592
0.1321386694908142,0.008515287190675735,0.7454401254653931,-0.13603226840496063,0.0029808455146849155,-0.2600001096725464,-0.622494637966156,-0.006779365241527557,0.005292629823088646,0.3273501694202423,-0.020701974630355835,-0.16034436225891113,0.034672245383262634,0.28825491666793823,-0.17717941105365753,-0.012178240343928337,0.05962715297937393,0.038920655846595764,-0.08474761247634888,0.023367447778582573,0.023110024631023407,4.300448199501261e-05,-0.45596742630004883,0.007696495391428471,0.2830890119075775,-0.22074244916439056,-0.37210729718208313
0.11261159181594849,0.012036018073558807,0.7412066459655762,-0.11544124782085419,-0.014135951176285744,-0.25971800088882446,-0.4862324595451355,-0.011569040827453136,-0.0074065327644348145,0.2953924238681793,-0.05696491897106171,-0.1529388576745987,0.04274410381913185,0.31601759791374207,-0.08204463869333267,-0.02426876686513424,0.07715930044651031,0.06254372745752335,-0.14223796129226685,0.02726193517446518,0.027166003361344337,5.2008184866281226e-05,-0.4611251652240753,0.017109069973230362,0.2206689715385437,-0.2142132967710495,-0.39188945293426514
0.08843708038330078,0.013851444236934185,0.7370473146438599,-0.08671416342258453,0.06304413825273514,-0.25881919264793396,-0.2426137924194336,-0.01795080490410328,-0.030984066426753998,0.2466924786567688,-0.16476163268089294,-0.13498461246490479,0.0797445997595787,0.3764688968658447,-0.006495162844657898,-0.034457866102457047,0.09668894112110138,0.09088016301393509,-0.21082405745983124,0.030268441885709763,-0.009420350193977356,5.872481415281072e-05,-0.4635293781757355,0.026300132274627686,0.40699851512908936,-0.19737491011619568,-0.3325343430042267
0.056705307215452194,0.01397754717618227,0.7309264540672302,-0.04171723127365112,0.16047987341880798,-0.24501556158065796,0.01886824332177639,-0.021339289844036102,-0.03182275593280792,0.16557857394218445,-0.2670823037624359,-0.11412864178419113,0.09944874793291092,0.3742283880710602,0.1797306090593338,-0.04334450885653496,0.010601229965686798,0.1281498521566391,-0.30333176255226135,0.033927999436855316,-0.010963112115859985,5.7567114708945155e-05,-0.4828452467918396,0.03614060953259468,0.38227298855781555,-0.18549469113349915,-0.30846652388572693
0.014586227014660835,0.016910307109355927,0.7254487872123718,-0.00023986230371519923,0.22680848836898804,-0.20697945356369019,0.27080899477005005,-0.03386359661817551,-0.052522383630275726,0.0849839597940445,-0.3197360038757324,-0.09604541212320328,0.13403135538101196,0.22668088972568512,0.38752084970474243,-0.05623544380068779,-0.04149158298969269,0.17762203514575958,-0.2952311336994171,0.03572661429643631,-0.013083070516586304,2.052777745120693e-05,-0.4848169982433319,0.046892199665308,0.3301493227481842,-0.1908438503742218,-0.11698132008314133
-0.0059967041015625,0.021320130676031113,0.7185056209564209,0.024432873353362083,0.0728222206234932,-0.1821044385433197,0.7206651568412781,-0.034713391214609146,-0.07829827815294266,0.012821069918572903,-0.5835177302360535,-0.053115036338567734,0.007246371358633041,0.18137533962726593,0.4545053243637085,-0.07104399055242538,0.09077546745538712,0.2007688730955124,0.34841567277908325,0.03885268792510033,0.051755499094724655,-6.263417162699625e-05,-0.3827560842037201,0.05811426416039467,0.328613817691803,-0.13768845796585083,0.7247933745384216
-0.012036800384521484,0.026698419824242592,0.7138583660125732,0.017148563638329506,-0.00394906522706151,-0.17689625918865204,0.9743394255638123,-0.030720829963684082,0.036463722586631775,-3.7365116440923885e-05,-0.5967819690704346,-0.03892713785171509,0.3116421103477478,0.2854897081851959,0.6522251963615417,-0.09445684403181076,0.08753877878189087,0.21069829165935516,0.5783109068870544,0.01731692999601364,-0.01536631491035223,0.02413809671998024,-0.2021752893924713,0.03256743401288986,0.1309802085161209,-0.1402513086795807,0.022626588121056557
-0.034178733825683594,0.026924792677164078,0.7103176712989807,0.00947177316993475,0.05770248547196388,-0.14974477887153625,0.6718078851699829,-0.026479817926883698,0.10924267023801804,-3.6091059882892296e-05,-0.46783801913261414,-0.032246846705675125,0.3110705018043518,0.31099992990493774,0.489895224571228,-0.10982199013233185,0.035028085112571716,0.24338920414447784,0.07964259386062622,0.0067926449701189995,0.0329306535422802,0.05738463252782822,-0.05115942656993866,-0.009380253031849861,0.11804413795471191,-0.34335264563560486,-0.13423386216163635
-0.052318572998046875,0.023930566385388374,0.7061048746109009,0.005624365992844105,0.11495321244001389,-0.12762245535850525,0.5957880616188049,-0.022961623966693878,0.08196134865283966,-5.393238097894937e-06,-0.40200310945510864,-0.025805721059441566,0.31498193740844727,0.3580212891101837,0.5170822143554688,-0.131946861743927,-0.058655962347984314,0.260002464056015,0.17240287363529205,0.011310674250125885,0.010318750515580177,0.12402406334877014,0.012034628540277481,-0.06568226218223572,0.0685846209526062,-0.3446875214576721,-0.2279656082391739
-0.07103967666625977,0.01678042858839035,0.7043311595916748,0.006361762527376413,0.10204042494297028,-0.10452767461538315,0.5500862002372742,-0.02091945707798004,0.05798189342021942,-2.5360706786159426e-05,-0.41324248909950256,-0.019888300448656082,0.33763229846954346,0.37582674622535706,0.5921616554260254,-0.13982239365577698,-0.06988425552845001,0.25990137457847595,0.48161715269088745,0.008966252207756042,-0.010022472590208054,0.17237423360347748,0.01211312785744667,-0.07828845828771591,0.05822509527206421,-0.14877170324325562,-0.28674930334091187
-0.09184932708740234,0.010326666757464409,0.7013785243034363,0.0062029315158724785,0.09688987582921982,-0.07756134122610092,0.18493115901947021,-0.015666747465729713,0.02981332689523697,-2.263661917822901e-05,-0.4162868559360504,-0.014126323163509369,0.39402204751968384,0.3513103425502777,0.47042316198349,-0.1552710235118866,-0.06628681719303131,0.2600002586841583,0.6619637608528137,-0.00494814058765769,-0.04008182883262634,0.24133968353271484,0.08257997035980225,-0.11070608347654343,0.02731960639357567,0.10363645106554031,-0.12577210366725922
-0.10886049270629883,0.003769064322113991,0.6995195746421814,0.006007610820233822,0.0728655532002449,-0.0543050616979599,0.28506380319595337,-0.01167116779834032,0.05102396756410599,-1.973130929400213e-05,-0.4880743622779846,-0.008023461326956749,0.30478739738464355,0.3267255425453186,0.5353677272796631,-0.1597249060869217,-0.05878414213657379,0.25999993085861206,0.6706635355949402,-0.010121451690793037,-0.014318926259875298,0.28811439871788025,0.07651457190513611,-0.12664932012557983,0.027795538306236267,0.1826588660478592,0.10707800835371017
-0.12165641784667969,-0.0007548332214355469,0.6979663372039795,0.003325842786580324,0.09207043796777725,-0.03537576273083687,0.2732991874217987,-0.008561241440474987,0.04064450412988663,-1.9640534446807578e-05,-0.4975426197052002,-0.001339033362455666,0.32828468084335327,0.30544885993003845,0.4999648928642273,-0.15667927265167236,-0.030693545937538147,0.25995954871177673,0.6647917628288269,-0.01134850550442934,0.0027116183191537857,0.3138470947742462,0.08645984530448914,-0.13471683859825134,-0.0060366056859493256,0.15354123711585999,0.27378949522972107
-0.12929439544677734,-0.0035376548767089844,0.696036696434021,-0.0015250762226060033,0.06658763438463211,-0.02192023955285549,0.1709485650062561,-0.005610666237771511,0.014517523348331451,-2.329433300474193e-05,-0.5150939226150513,0.005844342987984419,0.2823560833930969,0.28735780715942383,0.4403315782546997,-0.1512676477432251,0.003156714141368866,0.25996068120002747,0.6469841003417969,-0.005903634242713451,0.0042263176292181015,0.33169907331466675,0.09226596355438232,-0.14867112040519714,-0.00012492015957832336,0.05687939003109932,0.3522188663482666
-0.13151788711547852,-0.0054931640625,0.6937822699546814,-0.007511474657803774,0.05571240931749344,-0.014232412911951542,0.20643886923789978,-0.0026492157485336065,0.023984208703041077,-2.7536287234397605e-05,-0.5119728446006775,0.01334870234131813,0.28024280071258545,0.27115386724472046,0.3955134153366089,-0.14384736120700836,0.006068907678127289,0.2599898874759674,0.5739940404891968,-0.0034319134429097176,-0.022197909653186798,0.3441787660121918,0.092450350522995,-0.15900203585624695,0.0007673539221286774,-0.11046768724918365,0.35465702414512634
-0.13136529922485352,-0.0069484710693359375,0.6924642324447632,-0.014324910007417202,0.01931779645383358,-0.008084222674369812,0.2677111029624939,5.3227300668368116e-05,0.024716831743717194,-3.384667434147559e-05,-0.5273559093475342,0.021206820383667946,0.2669602036476135,0.22536830604076385,0.3231532573699951,-0.1331711858510971,0.035901881754398346,0.259928435087204,0.41393062472343445,-0.00534810870885849,-0.016195477917790413,0.3523761034011841,0.08930177986621857,-0.17079384624958038,0.012411404401063919,-0.05824495479464531,0.2369166910648346
-0.12514019012451172,-0.008381366729736328,0.6914372444152832,-0.021141650155186653,0.05511762201786041,-0.008524603210389614,0.11872358620166779,0.0020357980392873287,0.026488445699214935,-4.435176379047334e-05,-0.5301427841186523,0.0291789211332798,0.15860988199710846,0.17827415466308594,0.30037254095077515,-0.11555852741003036,0.018589980900287628,0.25802505016326904,0.3977011442184448,-0.003875425551086664,-0.015349207445979118,0.3471079468727112,0.029652047902345657,-0.16121283173561096,0.060443997383117676,-0.04783807694911957,0.20526812970638275
-0.11104059219360352,-0.009673595428466797,0.6909219622612,-0.027939237654209137,0.06824908405542374,-0.018028149381279945,0.20905983448028564,0.003284415928646922,0.010286882519721985,-4.741497468785383e-05,-0.5087060332298279,0.03717793896794319,0.2080390304327011,0.13836829364299774,0.24122680723667145,-0.0831802487373352,0.046086154878139496,0.2503514885902405,0.24234692752361298,-0.006719789933413267,-0.014152809977531433,0.30827003717422485,-0.09967862814664841,-0.14111016690731049,0.06649525463581085,-0.07728905975818634,0.1790316104888916
-0.08487462997436523,-0.006675243377685547,0.6921588182449341,-0.039898958057165146,0.013339301571249962,-0.042357854545116425,0.26806068420410156,0.002856827573850751,-0.014632876962423325,-4.0717794036027044e-05,-0.5468047857284546,0.04631378874182701,0.15930552780628204,0.12713630497455597,0.23698149621486664,-0.038435786962509155,0.10604754090309143,0.22773486375808716,0.10327999293804169,-0.0035333724226802588,0.007215758785605431,0.23140059411525726,-0.1978272944688797,-0.13779033720493317,0.04571033641695976,-0.07582175731658936,0.1327817142009735
-0.04968976974487305,0.0020875658374279737,0.6922192573547363,-0.058426279574632645,-0.012446904554963112,-0.07691731303930283,0.4083380699157715,0.004491202533245087,0.03417133539915085,-3.8327008951455355e-05,-0.5185148119926453,0.056016430258750916,0.22813354432582855,0.12633901834487915,0.24493397772312164,0.0009860922582447529,0.17582854628562927,0.1899583637714386,0.0037981863133609295,0.0021332665346562862,0.012258704751729965,0.15000003576278687,-0.24857690930366516,-0.15072385966777802,0.021344680339097977,0.006742445752024651,-0.08234161883592606
-0.01322793960571289,0.013860384002327919,0.6883133053779602,-0.08009540289640427,0.017595577985048294,-0.11145449429750443,0.23708891868591309,0.011341961100697517,0.04346387833356857,-3.637211557361297e-05,-0.4473412036895752,0.06523000448942184,0.36146432161331177,0.1250525712966919,0.09218898415565491,0.01867249421775341,0.18298804759979248,0.15144892036914825,-0.062090083956718445,0.011666873469948769,0.042030926793813705,0.08779419213533401,-0.4111449122428894,-0.12916430830955505,-0.037710417062044144,-0.0011502881534397602,-0.3286038041114807
0.005960751324892044,0.01638314127922058,0.6855064630508423,-0.09126915037631989,0.1428479254245758,-0.1249336376786232,-0.30237525701522827,0.016354337334632874,0.0411422923207283,-1.3291588402353227e-05,-0.2830795347690582,0.07320095598697662,0.44745808839797974,0.11748045682907104,-0.6057766079902649,0.017191926017403603,0.08910500258207321,0.14103537797927856,-0.299600750207901,0.016279321163892746,0.09538798034191132,0.062608502805233,-0.855999231338501,-0.09478041529655457,-0.20809827744960785,-0.15525126457214355,-0.8507863283157349
0.0036749225109815598,0.009021814912557602,0.6891375780105591,-0.09114871174097061,0.18471285700798035,-0.11376054584980011,-0.7233044505119324,0.01267332211136818,0.09181401878595352,-7.752892997814342e-06,-0.15983615815639496,0.08122388273477554,0.29673898220062256,0.09557411074638367,-0.45505666732788086,0.04513873532414436,-0.07654336839914322,0.15203239023685455,-0.9696348309516907,0.018482273444533348,-0.013423588126897812,0.012055111117661,-0.9482790231704712,-0.07705353200435638,0.1243399828672409,-0.18462823331356049,-0.8883516192436218
0.023281201720237732,0.010004733689129353,0.6883429288864136,-0.11751227080821991,0.17292697727680206,-0.12789386510849,-0.769388735294342,0.022318612784147263,0.032441191375255585,0.03942427784204483,-0.018431100994348526,0.058243341743946075,0.14542023837566376,0.0023625281173735857,-0.23180700838565826,0.03965664654970169,-0.11356425285339355,0.13602671027183533,-1.0281918048858643,0.016130859032273293,-0.09357725083827972,8.981020073406398e-05,-0.7666784524917603,-0.04764951765537262,0.361754447221756,-0.16496659815311432,-0.8493252396583557
0.04672614112496376,0.006655743345618248,0.6872097253799438,-0.1322861909866333,0.03612136095762253,-0.15591008961200714,-0.1991436779499054,0.025011198595166206,-0.0742444321513176,0.08234784007072449,0.04405558481812477,0.01421567052602768,0.056756310164928436,0.18584179878234863,-0.013075515627861023,0.036114826798439026,0.010658465325832367,0.11445017904043198,-0.5493974089622498,0.015543130226433277,-0.16554106771945953,9.745192801347002e-05,-0.45496344566345215,-0.04071839153766632,0.3647368550300598,-0.1803993135690689,-0.36663830280303955
0.0779360979795456,0.002665397711098194,0.6875715851783752,-0.15567579865455627,-0.06758173555135727,-0.19651207327842712,0.05424545705318451,0.0035719405859708786,-0.05424106866121292,0.1642237901687622,0.10489076375961304,-0.057879190891981125,0.009966939687728882,0.2199702113866806,0.07389497756958008,0.03369657322764397,0.12408103048801422,0.08135659992694855,-0.5765141844749451,0.013202718459069729,-0.10801175236701965,0.00010088947601616383,-0.3264074921607971,-0.034560929983854294,0.3828120529651642,-0.15971088409423828,-0.21218173205852509
0.10292874276638031,-0.0021657943725585938,0.6873007416725159,-0.18093907833099365,-0.08290509134531021,-0.22974681854248047,-0.31108778715133667,-0.000828933494631201,-0.002094665542244911,0.2591993808746338,0.09868364036083221,-0.12042950093746185,0.020126713439822197,0.19976742565631866,0.05705779790878296,0.032018739730119705,0.10691158473491669,0.05536889657378197,-0.3188101351261139,0.011738809756934643,-0.0343087799847126,7.968729914864525e-05,-0.36277851462364197,-0.02814444713294506,0.34758880734443665,-0.16043707728385925,-0.3178723454475403
0.12246710062026978,-0.009441852569580078,0.6861845850944519,-0.18699494004249573,-0.11329338699579239,-0.2584746479988098,-0.3374515473842621,-0.011528749950230122,-0.022808540612459183,0.31635716557502747,0.059150803834199905,-0.15207211673259735,0.010205237194895744,0.17653609812259674,0.035559557378292084,0.033196281641721725,0.15905506908893585,0.035322654992341995,-0.27476567029953003,0.011102475225925446,-0.050684597343206406,7.126514537958428e-05,-0.43113255500793457,-0.0220098365098238,0.31802210211753845,-0.15933005511760712,-0.3589695692062378
0.12728345394134521,-0.013857841491699219,0.6826015710830688,-0.18142493069171906,-0.06809429079294205,-0.2600001394748688,-0.4449848532676697,-0.006376959849148989,0.0034324228763580322,0.3401232957839966,0.0451040156185627,-0.17525537312030792,-0.005199970677495003,0.04391978681087494,-0.08427359163761139,0.030414165928959846,0.08127055317163467,0.03441573679447174,-0.3144128918647766,0.013617349788546562,0.025486279278993607,5.477476952364668e-05,-0.4725882411003113,-0.01423755381256342,0.2625540494918823,-0.1959155797958374,-0.41079142689704895
0.12980405986309052,-0.014459609985351562,0.6786856651306152,-0.17360690236091614,0.000772631261497736,-0.2598624527454376,-0.6501680016517639,-0.00894957222044468,0.0065799131989479065,0.34868741035461426,0.0896446704864502,-0.18147218227386475,0.00774364173412323,-0.08560407906770706,-0.22617559134960175,0.023018160834908485,0.038218334317207336,0.03525140881538391,-0.26772424578666687,0.01704592816531658,0.011532247066497803,4.327626447775401e-05,-0.5028207898139954,-0.005629691295325756,0.2221403867006302,-0.2047649472951889,-0.4359976053237915
0.12837812304496765,-0.014302253723144531,0.6749480962753296,-0.1625443994998932,-0.0046122088097035885,-0.2600000202655792,-0.6617345213890076,-0.012482933700084686,-0.0028185807168483734,0.3513615131378174,0.08064316213130951,-0.1809188574552536,0.011576630175113678,-0.16213266551494598,-0.2932605743408203,0.014704037457704544,0.061262115836143494,0.04011960327625275,-0.26037365198135376,0.020487621426582336,-0.004678238183259964,7.550675218226388e-05,-0.4911040961742401,0.0032556799706071615,0.28663310408592224,-0.2061470001935959,-0.42507973313331604
0.12222190946340561,-0.012784004211425781,0.6724422574043274,-0.15177150070667267,-0.03985452651977539,-0.260000079870224,-0.6073269248008728,-0.00987132266163826,0.01819130778312683,0.3534409701824188,0.05942375585436821,-0.17514841258525848,0.026744000613689423,-0.1710856705904007,-0.3058459758758545,0.004998873919248581,0.07601186633110046,0.05006502568721771,-0.15990041196346283,0.022858938202261925,0.009708128869533539,5.6445882364641875e-05,-0.48185890913009644,0.0119832344353199,0.20125924050807953,-0.20436757802963257,-0.36984512209892273
0.11076398938894272,-0.01079702377319336,0.6703794598579407,-0.1344781368970871,-0.03980337455868721,-0.26000022888183594,-0.6133503317832947,-0.007080947980284691,0.01575225591659546,0.33903375267982483,-0.012399338185787201,-0.1619543582201004,0.04096345975995064,-0.10125542432069778,-0.28826332092285156,-0.005132047459483147,0.10863962769508362,0.06573502719402313,-0.08737337589263916,0.024651378393173218,0.03764985129237175,5.233967749518342e-05,-0.45858633518218994,0.020629333332180977,0.25610077381134033,-0.198752760887146,-0.36161941289901733
0.09344630688428879,-0.006941795349121094,0.6686798334121704,-0.11319012194871902,0.024917813017964363,-0.25989779829978943,-0.5081275701522827,-0.009376616217195988,-0.009198250249028206,0.3092787265777588,-0.06848262250423431,-0.14936386048793793,0.053965359926223755,0.046454668045043945,-0.207005113363266,-0.01737131178379059,0.04052261635661125,0.08780761808156967,-0.1553393453359604,0.025830838829278946,0.01790577359497547,1.8558350348030217e-05,-0.4828491508960724,0.029378792271018028,0.21587501466274261,-0.19163481891155243,-0.3809104561805725
0.07006745040416718,-0.0026216506958007812,0.6667398810386658,-0.08575598150491714,0.1075306311249733,-0.2584156095981598,-0.3198920786380768,-0.013954048044979572,-0.02215801179409027,0.2642894387245178,-0.1624748855829239,-0.13713385164737701,0.07935899496078491,0.20205305516719818,-0.093640998005867,-0.030272014439105988,0.04791513830423355,0.11654116958379745,-0.09366903454065323,0.026499304920434952,0.021256279200315475,6.771390326321125e-05,-0.4808598756790161,0.038413990288972855,0.2823675274848938,-0.18621675670146942,-0.3273369371891022
0.03996303677558899,-0.0040531158447265625,0.6611226797103882,-0.022732017561793327,0.24537613987922668,-0.24552860856056213,0.04454152286052704,-0.02817528508603573,-0.055022820830345154,0.1597703993320465,-0.2669093906879425,-0.12232787162065506,0.06825042515993118,0.2676534354686737,0.15823142230510712,-0.03672797977924347,-0.019383005797863007,0.1533328741788864,-0.38408127427101135,0.029582638293504715,-0.03756822645664215,3.205776010872796e-05,-0.4811851978302002,0.047263190150260925,0.3527558147907257,-0.1919054538011551,-0.3050222098827362
0.002950927009806037,0.0002477425441611558,0.6581219434738159,0.024253323674201965,0.2184886634349823,-0.2139923870563507,0.0517471507191658,-0.03565765172243118,-0.03608784079551697,0.07823964208364487,-0.3206373453140259,-0.12511324882507324,0.07080312073230743,0.18407393991947174,0.4505476951599121,-0.0503772608935833,-0.051429033279418945,0.19787195324897766,-0.2790070176124573,0.02907051146030426,0.04686317965388298,1.0223166100331582e-06,-0.4972207844257355,0.056912072002887726,0.20510880649089813,-0.200156569480896,-0.07826654613018036
0.0025525351520627737,0.005927502177655697,0.6577149033546448,0.025136468932032585,0.08698584884405136,-0.21385662257671356,0.40728819370269775,-0.03224663808941841,-0.09246987104415894,0.03859527036547661,-0.4897209405899048,-0.06877169013023376,-0.10545692592859268,0.17993386089801788,0.5917516350746155,-0.06575886905193329,0.10119473934173584,0.1989256888628006,0.0962645411491394,0.027765516191720963,0.06792119145393372,-4.135477865929715e-06,-0.397004097700119,0.06654539704322815,0.38370487093925476,-0.20063850283622742,0.7430635690689087
-0.013434410095214844,0.008992362767457962,0.6539744138717651,0.0319829136133194,0.008900068700313568,-0.19420979917049408,1.086000919342041,-0.031114814803004265,-0.019920244812965393,-7.116296183085069e-05,-0.7445658445358276,-0.03549963980913162,0.1449718475341797,0.24803923070430756,0.7440438270568848,-0.0784369707107544,0.06421078741550446,0.2143576443195343,0.6403335928916931,0.025541141629219055,0.03495402634143829,-2.1184832803555764e-06,-0.29422688484191895,0.07600665837526321,0.2760627269744873,-0.047289226204156876,0.589118242263794
-0.039212703704833984,0.012562515214085579,0.6502693891525269,0.02012374810874462,-0.033994775265455246,-0.16302917897701263,0.9135763049125671,-0.025143342092633247,0.10347083956003189,-4.7532299504382536e-05,-0.6182601451873779,-0.028401007875800133,0.259838342666626,0.22955651581287384,0.6487699151039124,-0.10295909643173218,0.07144985347986221,0.24155767261981964,0.38075852394104004,0.009873817674815655,-0.026237670332193375,0.03591524809598923,-0.049872446805238724,0.03789422661066055,0.13500387966632843,-0.24459600448608398,-0.1962740570306778
-0.062143802642822266,0.013541853986680508,0.6456811428070068,0.012088734656572342,0.012511761859059334,-0.13578251004219055,0.7419140934944153,-0.01936180517077446,0.1195494532585144,-3.464904148131609e-05,-0.46794945001602173,-0.02244526520371437,0.38598233461380005,0.24411839246749878,0.50515216588974,-0.12152225524187088,0.010947734117507935,0.25988972187042236,0.15753932297229767,0.00915717612951994,0.02942364290356636,0.07705520838499069,0.006914373487234116,-0.006028108298778534,0.058019816875457764,-0.3666403591632843,-0.24957026541233063
-0.0790090560913086,0.013263331726193428,0.6411284804344177,0.005587569437921047,0.06594666838645935,-0.11679604649543762,0.6171795725822449,-0.014860506169497967,0.07593919336795807,-2.9930717573734e-05,-0.43247780203819275,-0.01639220491051674,0.3331751227378845,0.29556959867477417,0.5798079371452332,-0.14370030164718628,-0.04271642863750458,0.25987422466278076,0.4172700345516205,0.0074668871238827705,0.008249033242464066,0.140048086643219,0.06406709551811218,-0.05772075802087784,0.022282332181930542,-0.3341735303401947,-0.2180725783109665
-0.09853458404541016,0.00937733892351389,0.6359875798225403,0.0033474278170615435,0.067044198513031,-0.09339402616024017,0.44270646572113037,-0.009362464770674706,0.03442692011594772,-1.762824467732571e-05,-0.4416196644306183,-0.011247601360082626,0.29159843921661377,0.3143390715122223,0.5180966258049011,-0.17053554952144623,-0.05376739799976349,0.25982263684272766,0.5596108436584473,-0.00011309969704598188,-0.013254506513476372,0.23238129913806915,0.10948261618614197,-0.11505957692861557,0.014940138906240463,-0.21730951964855194,-0.12182270735502243
-0.11880254745483398,0.0017719994066283107,0.6333504319190979,0.0054903049021959305,0.11504656821489334,-0.06805440783500671,0.3719865679740906,-0.005411025136709213,0.06899906694889069,-2.1390855181380175e-05,-0.43525606393814087,-0.00645111920312047,0.34614282846450806,0.31023919582366943,0.4922122359275818,-0.17867986857891083,-0.09472191333770752,0.2597965896129608,0.563447892665863,-0.0034629101864993572,-0.012394223362207413,0.29727011919021606,0.07496875524520874,-0.13538876175880432,0.04161978140473366,-0.07556920498609543,-0.10444886237382889
-0.1356048583984375,-0.006211757659912109,0.6314629316329956,0.008104227483272552,0.11303804069757462,-0.04627041518688202,0.19554823637008667,-0.0021042083390057087,0.058981817215681076,-4.786112640431384e-06,-0.4503341317176819,-0.001555209280923009,0.39682626724243164,0.30547380447387695,0.47425734996795654,-0.17244042456150055,-0.0597924068570137,0.25978541374206543,0.6497255563735962,0.0015558077720925212,-0.004445087164640427,0.33379822969436646,0.06941695511341095,-0.1514376848936081,0.010541412979364395,0.03922657296061516,0.0500059649348259
-0.14777088165283203,-0.012155532836914062,0.6305425763130188,0.007828551344573498,0.10059460252523422,-0.029278991743922234,0.1953955739736557,0.00023365879314951599,0.03365882486104965,-4.017459104943555e-06,-0.4537806510925293,0.004377169068902731,0.42616933584213257,0.29259565472602844,0.440693199634552,-0.16103599965572357,-0.03352753072977066,0.25979164242744446,0.6342282295227051,0.001448776456527412,-0.011501580476760864,0.35470229387283325,0.08797210454940796,-0.16647568345069885,0.011292722076177597,0.09158395975828171,0.20088940858840942
-0.15526247024536133,-0.015880584716796875,0.6306580901145935,0.004320194013416767,0.09401388466358185,-0.017028210684657097,0.18707457184791565,0.0015206198440864682,0.032164398580789566,-1.4550097148458008e-05,-0.4667782485485077,0.011418377980589867,0.31782305240631104,0.264705091714859,0.40250444412231445,-0.14705075323581696,-0.02632385492324829,0.2597728371620178,0.5727623701095581,-0.00014838929928373545,-0.019126184284687042,0.36390599608421326,0.06698441505432129,-0.17101462185382843,0.021337304264307022,0.07860147207975388,0.28302982449531555
-0.1568889617919922,-0.017482757568359375,0.630458652973175,-0.0018983918707817793,0.05371015518903732,-0.011128385551273823,0.11454097181558609,0.0026552067138254642,0.015088740736246109,-2.930226401076652e-05,-0.5212862491607666,0.019040357321500778,0.20445306599140167,0.2300088256597519,0.3464552164077759,-0.13064154982566833,0.0111464224755764,0.25990939140319824,0.5416895747184753,-0.0005147918127477169,-0.026423867791891098,0.36150622367858887,0.04792235419154167,-0.16707497835159302,0.03407401219010353,-0.013153277337551117,0.3104493319988251
-0.1531362533569336,-0.01685476303100586,0.6289353370666504,-0.010397711768746376,0.04700157791376114,-0.01080127339810133,0.2089436799287796,0.004568637814372778,0.00833248533308506,-5.088594843982719e-05,-0.5116126537322998,0.026569493114948273,0.10135409981012344,0.18199077248573303,0.29192304611206055,-0.11315666139125824,0.014295857399702072,0.2594592571258545,0.37916842103004456,-0.0032600960694253445,-0.016268299892544746,0.3515734374523163,0.044207070022821426,-0.1625269502401352,0.03166892006993294,-0.15080463886260986,0.19465774297714233
-0.13814926147460938,-0.014843940734863281,0.6264514923095703,-0.02019680105149746,0.09183233976364136,-0.024314330890774727,0.0750969871878624,0.007107737008482218,-0.013195469975471497,-3.298994852229953e-05,-0.4792092740535736,0.03403100371360779,0.2197674810886383,0.1635025441646576,0.24214141070842743,-0.09312420338392258,0.006826572120189667,0.2501443326473236,0.32559168338775635,-0.005641523282974958,-0.01660972088575363,0.33221322298049927,-0.0429953895509243,-0.1546470671892166,0.06307479739189148,-0.23589317500591278,0.16539868712425232
-0.11341142654418945,-0.010825634002685547,0.6252747178077698,-0.03235400840640068,0.0592040941119194,-0.04937191307544708,0.07046307623386383,0.008728647604584694,-0.01864549145102501,-3.0592414987040684e-05,-0.4992164969444275,0.041980765759944916,0.22875894606113434,0.16281113028526306,0.23149347305297852,-0.06388305127620697,0.05399443954229355,0.23393391072750092,0.3276849687099457,-0.005712950602173805,-0.010042708367109299,0.28506043553352356,-0.1945432722568512,-0.14468267560005188,0.049116287380456924,-0.31044721603393555,0.007781626656651497
-0.08043527603149414,-0.0052928924560546875,0.6257799863815308,-0.04632953554391861,0.02427647076547146,-0.08351125568151474,0.06773816049098969,0.009616170078516006,0.056461140513420105,-1.2938388863403816e-05,-0.48188140988349915,0.05046396702528,0.26863032579421997,0.16381187736988068,0.23304036259651184,-0.01649698056280613,0.14944618940353394,0.21203841269016266,0.25708743929862976,-0.001896402332931757,0.00216769240796566,0.19121763110160828,-0.2640317976474762,-0.14023084938526154,0.043074268847703934,-0.39564213156700134,-0.35852357745170593
-0.04057788848876953,0.001484019448980689,0.6258421540260315,-0.06213519349694252,0.026626700535416603,-0.12424925714731216,0.20255768299102783,0.012285453267395496,-0.023483823984861374,6.578146440006094e-06,-0.40881043672561646,0.05926454812288284,0.2425897866487503,0.16426628828048706,0.03195536881685257,0.025988759472966194,0.20346279442310333,0.1855563521385193,0.2681291997432709,0.008338887244462967,0.03715292736887932,0.10135863721370697,-0.30190277099609375,-0.135900616645813,0.05607806146144867,-0.4859768748283386,-0.6919835805892944
-0.022237777709960938,0.004444199148565531,0.6293200254440308,-0.07428981363773346,0.17120793461799622,-0.13756650686264038,0.0007207188755273819,0.010722058825194836,-0.02229708433151245,5.2682560635730624e-05,-0.2850886881351471,0.06903676688671112,0.36319899559020996,0.12188293039798737,-0.7007380723953247,0.04853847995400429,0.03944198042154312,0.16486406326293945,-0.10907219350337982,0.007638153154402971,0.037745166569948196,0.03103182651102543,-0.6092444658279419,-0.08343257009983063,-0.023176919668912888,-0.33478230237960815,-0.8297650218009949
-0.00017499923706054688,0.0062776184640824795,0.6332499980926514,-0.08480702340602875,0.21913689374923706,-0.1494603306055069,-0.5749173164367676,0.004138859920203686,0.051174670457839966,3.4704748941294383e-06,-0.2406800240278244,0.07878928631544113,0.2573292851448059,-0.06171727553009987,-0.4787755608558655,0.05458298698067665,-0.10858482122421265,0.1482444852590561,-1.1363390684127808,0.004081774037331343,-0.06445136666297913,4.1355007851962e-05,-0.6862757205963135,-0.06093612313270569,0.1484285295009613,-0.3422467112541199,-0.5515903234481812
0.02871696837246418,0.00486769387498498,0.6311485171318054,-0.08963286876678467,0.14740732312202454,-0.17040492594242096,-0.4805673360824585,0.004211920313537121,-0.0409356988966465,0.012593732215464115,-0.000536791980266571,0.057747144252061844,0.09536147117614746,0.04338916763663292,0.08910755068063736,0.04833365976810455,-0.05857454240322113,0.12223239243030548,-0.7189651727676392,0.0038305765483528376,-0.13808609545230865,6.831347855040804e-05,-0.5015299320220947,-0.053202614188194275,0.36595314741134644,-0.34428441524505615,-0.5676862001419067
0.06026924401521683,0.004372244700789452,0.6293140053749084,-0.10597043484449387,0.02323550544679165,-0.19733819365501404,-0.288500040769577,-0.0027251753490418196,-0.03816869109869003,0.06867419928312302,0.0755218118429184,-0.0022558385971933603,0.034990619868040085,0.1968388557434082,0.04738493263721466,0.04143235459923744,0.0418095663189888,0.09118607640266418,-0.5858782529830933,0.0041555920615792274,-0.12811709940433502,9.54673596424982e-05,-0.4148407280445099,-0.04561776667833328,0.4501602053642273,-0.33128494024276733,-0.48598143458366394
0.09371372312307358,0.003689090022817254,0.626876950263977,-0.12057936191558838,-0.07772983610630035,-0.2281787246465683,-0.27824896574020386,-0.006556392647325993,-0.0020296555012464523,0.13247977197170258,0.08111721277236938,-0.0450788214802742,0.02526569552719593,0.31990107893943787,0.07691341638565063,0.034793660044670105,0.13418787717819214,0.05606703832745552,-0.43546262383461,0.00591250928118825,-0.07615712285041809,8.271305705420673e-05,-0.37448179721832275,-0.03786467760801315,0.4806693196296692,-0.3008338510990143,-0.4174489378929138
0.12363740056753159,0.0039956397376954556,0.6274549961090088,-0.1512652039527893,-0.17789924144744873,-0.25766000151634216,-0.4049818813800812,-0.0020709095988422632,0.01143704354763031,0.23329685628414154,0.09587632119655609,-0.11230888962745667,-0.01102815754711628,0.38546815514564514,0.08024889975786209,0.026962285861372948,0.20822307467460632,0.023811880499124527,-0.2030448168516159,0.005556903313845396,-0.04160485044121742,0.00011205266491742805,-0.374258428812027,-0.030245503410696983,0.46467387676239014,-0.25672027468681335,-0.35873135924339294
0.13600505888462067,0.0038591898046433926,0.6250059604644775,-0.16669157147407532,-0.1149047240614891,-0.2597644031047821,-0.5106847882270813,0.0013412944972515106,0.00476691871881485,0.2977037727832794,0.045137692242860794,-0.15053749084472656,0.016135122627019882,0.38764119148254395,-0.007294405251741409,0.01878468692302704,0.13682901859283447,0.014428448863327503,-0.17047308385372162,0.007441157475113869,-0.007654517889022827,6.150365516077727e-05,-0.4174709916114807,-0.021570714190602303,0.3523929715156555,-0.26642027497291565,-0.4108952581882477
0.14415186643600464,0.0036696940660476685,0.622170627117157,-0.1713867336511612,-0.07601940631866455,-0.2598176598548889,-0.6013324856758118,0.0013320862781256437,0.012641292996704578,0.33504870533943176,0.08610990643501282,-0.1642591506242752,0.012026816606521606,0.3996632993221283,-0.06816718727350235,0.010486152954399586,0.1108064204454422,0.009130250662565231,-0.34189003705978394,0.01040581800043583,-0.014351699501276016,5.707214950234629e-05,-0.47261351346969604,-0.012618876062333584,0.2522220313549042,-0.2575606405735016,-0.45281246304512024
0.14816544950008392,0.003487887792289257,0.6196056604385376,-0.16800588369369507,-0.041185569018125534,-0.25982236862182617,-0.6510069370269775,-0.00035882220254279673,0.008223439566791058,0.3535485565662384,0.06984822452068329,-0.17091374099254608,0.008684087544679642,0.3688894212245941,-0.12995176017284393,0.0022654952481389046,0.05677798390388489,0.00802731141448021,-0.2489527016878128,0.013332990929484367,0.01734808459877968,5.157993291504681e-05,-0.4839990735054016,-0.0036926157772541046,0.27046477794647217,-0.24162863194942474,-0.42317837476730347
0.14752762019634247,0.005468082148581743,0.6174306273460388,-0.16497796773910522,-0.01864677481353283,-0.25982528924942017,-0.6145005822181702,-0.000614142685662955,0.011837305501103401,0.36898261308670044,0.12079992890357971,-0.17257879674434662,0.019788697361946106,0.3518209159374237,-0.12470455467700958,-0.00851648673415184,0.02168833650648594,0.011906914412975311,-0.34144848585128784,0.01606050692498684,0.002539951354265213,4.703774175141007e-05,-0.4937310814857483,0.0055872416123747826,0.20505636930465698,-0.2259315401315689,-0.4300256669521332
0.1421436369419098,0.008209003135561943,0.615388035774231,-0.1590324491262436,-0.06185596436262131,-0.25983381271362305,-0.6403380632400513,-0.0015807320596650243,0.012532375752925873,0.3798166811466217,0.05261095240712166,-0.17105792462825775,0.01187048852443695,0.3530517518520355,-0.1553688496351242,-0.020020747557282448,0.10263513028621674,0.021136121824383736,-0.15014488995075226,0.018392782658338547,0.02898373082280159,5.1904637075494975e-05,-0.47330689430236816,0.014806394465267658,0.2212982475757599,-0.21909785270690918,-0.3676612973213196
0.13274618983268738,0.01054947916418314,0.613356351852417,-0.14627742767333984,-0.09563379734754562,-0.2598342299461365,-0.6193553805351257,-0.0023686678614467382,0.015362221747636795,0.37719976902008057,-0.014847777783870697,-0.16696356236934662,0.030253920704126358,0.3575182855129242,-0.13823674619197845,-0.03086065873503685,0.15089896321296692,0.034521520137786865,0.006908200215548277,0.020362557843327522,0.05982543155550957,2.6564730433165096e-05,-0.4417644441127777,0.023756278678774834,0.22188390791416168,-0.20835676789283752,-0.3133662939071655
0.11815706640481949,0.012667451985180378,0.6111119389533997,-0.12223974615335464,-0.07652457803487778,-0.25985103845596313,-0.5272449254989624,-0.00750650092959404,-0.000967811793088913,0.34444811940193176,-0.10605868697166443,-0.1549454629421234,0.04824488237500191,0.37651702761650085,-0.07717429846525192,-0.041364412754774094,0.15305590629577637,0.05341391637921333,0.04626184701919556,0.022007610648870468,0.035730715841054916,3.7066540244268253e-05,-0.4379599988460541,0.032674722373485565,0.29849597811698914,-0.1892860233783722,-0.3239767253398895
0.09541229903697968,0.013943632133305073,0.6075612306594849,-0.07915560901165009,0.02369535155594349,-0.25584161281585693,-0.36745843291282654,-0.015143933705985546,-0.021862275898456573,0.26377636194229126,-0.22441963851451874,-0.1406935602426529,0.055693864822387695,0.40267470479011536,0.0809771716594696,-0.051103465259075165,0.10975249111652374,0.0817859098315239,-0.06130681931972504,0.02383524551987648,0.006261009722948074,5.869898814125918e-05,-0.48229360580444336,0.041776902973651886,0.3718928396701813,-0.17721401154994965,-0.3191007673740387
0.06235991418361664,0.016576383262872696,0.6050747632980347,-0.0401935800909996,0.19037067890167236,-0.2438233345746994,-0.2218298614025116,-0.02053053304553032,-0.034659311175346375,0.1829792708158493,-0.2381504774093628,-0.13067825138568878,0.08696319907903671,0.4339298605918884,0.43883681297302246,-0.06280377507209778,-0.020090270787477493,0.12223543971776962,-0.09896814078092575,0.023358887061476707,0.017236540094017982,1.7872394892037846e-05,-0.5273374319076538,0.05127068608999252,0.22732070088386536,-0.18340356647968292,-0.3110184967517853
0.022127114236354828,0.019351180642843246,0.6040034294128418,-0.012816015630960464,0.23038554191589355,-0.22481955587863922,-0.08509793132543564,-0.024356793612241745,-0.057356998324394226,0.12523245811462402,-0.318092942237854,-0.1339075118303299,0.15142542123794556,0.40689346194267273,0.6750789880752563,-0.0752444863319397,-0.036752790212631226,0.17024751007556915,-0.19559824466705322,0.01996944472193718,0.023493824526667595,3.1715711656943313e-07,-0.474365234375,0.06070948392152786,0.2552177906036377,-0.19166843593120575,0.028794707730412483
0.0002798651985358447,0.02034691721200943,0.6057559251785278,-0.005915481131523848,0.07980967313051224,-0.19720035791397095,0.7521728873252869,-0.010336379520595074,-0.03896655887365341,0.09012898057699203,-0.6410168409347534,-0.10313384979963303,0.15678483247756958,0.20512889325618744,0.5923206806182861,-0.08574637770652771,0.07553592324256897,0.19622254371643066,0.1648692935705185,0.014550791122019291,0.027430299669504166,-1.5480627553188242e-05,-0.4057842791080475,0.06941723078489304,0.3721011281013489,-0.19620977342128754,0.6657450795173645
0.00393960066139698,0.013683711178600788,0.6044880151748657,0.002939416328445077,-0.03986981511116028,-0.2027822583913803,1.2593836784362793,-0.009648319333791733,0.05244872719049454,0.06965333968400955,-0.8193451166152954,-0.08478202670812607,0.24076290428638458,0.2303079217672348,0.5359912514686584,-0.0873621478676796,0.09308330714702606,0.191159188747406,0.6072573065757751,0.014605815522372723,0.016942154616117477,-1.6984567992039956e-05,-0.23502996563911438,0.0778748095035553,0.26571598649024963,-0.19375331699848175,0.3819490075111389
-0.0035729408264160156,0.010320791974663734,0.5985061526298523,0.033871475607156754,-0.07590020447969437,-0.1946454644203186,1.5306841135025024,-0.008903208188712597,0.09403762966394424,0.0001097144850064069,-0.8433812260627747,-0.04346979781985283,0.26611852645874023,0.22635827958583832,0.6058394908905029,-0.09780629724264145,0.13532128930091858,0.1981651782989502,0.7246190309524536,0.013882328756153584,-0.006968708708882332,0.011143973097205162,-0.07101783156394958,0.07758236676454544,0.16763828694820404,-0.122096486389637,0.067703016102314
-0.019342899322509766,0.013436151668429375,0.5952842235565186,0.02186770923435688,-0.010732254013419151,-0.17590183019638062,0.97666996717453,-0.0035106344148516655,0.17888101935386658,-2.4434775696136057e-05,-0.5974995493888855,-0.03546687588095665,0.3959938883781433,0.19998125731945038,0.5233873128890991,-0.1323002725839615,0.03289700299501419,0.21563869714736938,0.2557198703289032,0.005303611047565937,-0.0006150985136628151,0.07588288933038712,0.09440672397613525,0.006585820112377405,0.04426779970526695,-0.22644761204719543,-0.21003217995166779
-0.0359492301940918,0.009708235040307045,0.5903751254081726,0.01856387034058571,0.06587866693735123,-0.15623924136161804,0.8082999587059021,0.003000993747264147,0.10574682801961899,-2.3874128601164557e-05,-0.46672219038009644,-0.02954757586121559,0.30404460430145264,0.20014265179634094,0.4242585301399231,-0.15140634775161743,-0.05210573971271515,0.234722301363945,0.27232909202575684,0.003915023058652878,0.006471799686551094,0.13168391585350037,0.033833276480436325,-0.03920049965381622,0.007164601236581802,0.07071884721517563,-0.27270856499671936
-0.05472707748413086,0.00308975949883461,0.585062563419342,0.019198628142476082,0.10288690030574799,-0.13332095742225647,0.7147301435470581,0.009801927953958511,0.05079351365566254,-3.612737054936588e-05,-0.44004112482070923,-0.02472667396068573,0.2332247793674469,0.2037775069475174,0.5306370258331299,-0.16558633744716644,-0.08690569549798965,0.2577413022518158,0.40257230401039124,-0.0007630836335010827,-0.0172295942902565,0.19719745218753815,0.06665019690990448,-0.09322553128004074,-0.02329372614622116,0.2072799950838089,-0.2338825911283493
-0.06581354141235352,-0.003658771514892578,0.5848163366317749,0.019358890131115913,0.10371564328670502,-0.12061998248100281,0.5789193511009216,0.011041898280382156,0.012636315077543259,-4.5925116864964366e-05,-0.45166444778442383,-0.018129369243979454,0.23099865019321442,0.24748826026916504,0.5062825083732605,-0.17590533196926117,-0.08764931559562683,0.2599368095397949,0.440726101398468,-0.008560927584767342,-0.014429081231355667,0.2640738785266876,0.11739104986190796,-0.14167264103889465,-0.007177535444498062,-0.07971346378326416,-0.09367457777261734
-0.08043289184570312,-0.01025247573852539,0.5863180160522461,0.01930505968630314,0.12401138246059418,-0.10274185985326767,0.563243567943573,0.010782777331769466,0.0812375545501709,-3.523182022036053e-05,-0.47341662645339966,-0.01130426861345768,0.2854599356651306,0.26192551851272583,0.5162252187728882,-0.1811971366405487,-0.10888753831386566,0.2598792612552643,0.4660354256629944,-0.011435615830123425,-0.02109900489449501,0.3222583830356598,0.13537225127220154,-0.15623287856578827,0.01727217808365822,-0.31320634484291077,-0.04079008102416992
-0.0966343879699707,-0.015871524810791016,0.587369978427887,0.018452230840921402,0.14264927804470062,-0.08227385580539703,0.31476911902427673,0.011011097580194473,0.05873139947652817,-4.6168144763214514e-05,-0.4321303367614746,-0.004699811805039644,0.35780787467956543,0.2647762894630432,0.4413745403289795,-0.17766828835010529,-0.09563742578029633,0.25992944836616516,0.5130432844161987,-0.011880057863891125,-0.01445024460554123,0.3593011796474457,0.09347666800022125,-0.15925836563110352,0.017893407493829727,-0.4000025689601898,-0.029282083734869957
-0.11180591583251953,-0.01957988739013672,0.5884647369384766,0.015359917655587196,0.11456174403429031,-0.06221294403076172,-0.015591150149703026,0.011204788461327553,0.028907839208841324,-1.2396681995596737e-05,-0.43541574478149414,0.0023075195495039225,0.38902586698532104,0.2532808184623718,0.32978397607803345,-0.1652587652206421,-0.04683218151330948,0.2598380744457245,0.6059399843215942,-0.010321042500436306,-0.022424062713980675,0.371306836605072,0.056045036762952805,-0.16133157908916473,0.025803040713071823,-0.43149518966674805,0.09597689658403397
-0.12223625183105469,-0.0206451416015625,0.5884066224098206,0.009055818431079388,0.10158564895391464,-0.04703408107161522,0.020562583580613136,0.012155493721365929,0.023611057549715042,-1.4986735550337471e-05,-0.465051531791687,0.0096193952485919,0.28501611948013306,0.23522350192070007,0.3147668242454529,-0.15262146294116974,-0.03409699350595474,0.25982677936553955,0.553597092628479,-0.00700302654877305,-0.025241661816835403,0.37340933084487915,0.04613567516207695,-0.1620836704969406,0.04157184436917305,-0.43345966935157776,0.12558555603027344
-0.12689542770385742,-0.020737171173095703,0.5882477164268494,0.0015135816065594554,0.027811354026198387,-0.03805912286043167,0.003756025806069374,0.012907959520816803,-0.007189810276031494,-2.9665145120816305e-05,-0.5142799019813538,0.01725046895444393,0.12100408971309662,0.21219618618488312,0.27356112003326416,-0.13486774265766144,0.04856283217668533,0.25980448722839355,0.4789395034313202,-0.004782470874488354,-0.01915688067674637,0.36072444915771484,0.01983138918876648,-0.15599487721920013,0.06023060157895088,-0.4206068515777588,0.11240019649267197
-0.1248178482055664,-0.020064830780029297,0.5886012315750122,-0.006815291475504637,0.06351657956838608,-0.03641275316476822,0.04435395449399948,0.012968745082616806,0.003503851592540741,-2.8957738322787918e-05,-0.4959574341773987,0.02494843117892742,0.11460211873054504,0.17546199262142181,0.21742595732212067,-0.10932004451751709,0.03475559875369072,0.25738292932510376,0.2650843560695648,-0.003216344630345702,-0.0028174109756946564,0.32980653643608093,-0.056456856429576874,-0.14745676517486572,0.059614408761262894,-0.4317658245563507,0.02240915037691593
-0.10979366302490234,-0.016922473907470703,0.5873790979385376,-0.017767997458577156,0.04672940820455551,-0.05049615725874901,-0.055231355130672455,0.014330706559121609,0.015325944870710373,-3.933767948183231e-05,-0.5118219256401062,0.032573994249105453,0.09538795053958893,0.16145016252994537,0.23366431891918182,-0.08692547678947449,0.063648521900177,0.24440951645374298,0.30179110169410706,-0.0022785039618611336,-0.008185133337974548,0.29909825325012207,-0.13734865188598633,-0.14320753514766693,0.07498528063297272,-0.44720643758773804,-0.012955987825989723
-0.08359193801879883,-0.01297140121459961,0.5857441425323486,-0.029345421120524406,0.028581632301211357,-0.07770366221666336,0.011333445087075233,0.0167149156332016,0.028427697718143463,-3.589452899177559e-05,-0.4695834219455719,0.03992868587374687,0.17200712859630585,0.16181059181690216,0.21708519756793976,-0.05867689847946167,0.13982513546943665,0.22246238589286804,0.18305166065692902,-0.0020147166214883327,-0.001131013035774231,0.2524048984050751,-0.2640385627746582,-0.14159029722213745,0.032518040388822556,-0.45690998435020447,-0.36165761947631836
-0.048600196838378906,-0.011028766632080078,0.586548388004303,-0.03854016959667206,0.0022615999914705753,-0.11470356583595276,0.11670255661010742,0.017768297344446182,0.0588829405605793,-1.807267290132586e-05,-0.39538079500198364,0.04715782403945923,0.2654210329055786,0.16347196698188782,0.20382672548294067,-0.003674838924780488,0.22844019532203674,0.1921219825744629,0.1430022269487381,0.006146037019789219,0.02460477128624916,0.15166075527668,-0.3443998098373413,-0.13615509867668152,0.050475213676691055,-0.46054044365882874,-0.680985689163208
-0.023891925811767578,-0.006569385528564453,0.5855766534805298,-0.05077841505408287,0.1741856038570404,-0.13860680162906647,0.019136792048811913,0.02060464210808277,-0.014709888026118279,-4.826961230719462e-06,-0.2959664762020111,0.05459235608577728,0.35590893030166626,0.16212642192840576,-0.6177266240119934,0.024815931916236877,0.06907105445861816,0.1638277918100357,0.13112229108810425,0.013196781277656555,0.0615554042160511,0.07135305553674698,-0.5927289724349976,-0.087876096367836,0.0006896108388900757,-0.2970734238624573,-0.9458621740341187
0.0068322718143463135,0.0006919882143847644,0.588559091091156,-0.06698864698410034,0.20827646553516388,-0.16395696997642517,-0.36616790294647217,0.01718619465827942,0.02445029653608799,5.266577863949351e-05,-0.20369243621826172,0.06440190970897675,0.2999734878540039,-0.005076708272099495,-0.6796619892120361,0.04507146403193474,-0.06673739850521088,0.13057580590248108,-0.6956630945205688,0.01612565666437149,-0.006009994074702263,0.00012454789248295128,-0.8158754110336304,-0.044198792427778244,0.11497987806797028,-0.19195310771465302,-0.7070209980010986
0.04584009572863579,0.005808025132864714,0.5856595039367676,-0.08061438798904419,0.1272306591272354,-0.19360224902629852,-0.4694160223007202,0.012417343445122242,-0.0517532080411911,0.009114298969507217,-0.005840752273797989,0.06138058379292488,0.10767187178134918,-0.12547554075717926,0.11146461963653564,0.031312260776758194,-0.03127768635749817,0.08930124342441559,-0.6076980233192444,0.016979090869426727,-0.13986453413963318,3.311890395707451e-05,-0.5026131868362427,-0.03507418558001518,0.29183706641197205,-0.14212632179260254,-0.5003199577331543
0.070501908659935,0.0038186402525752783,0.5845038890838623,-0.09599883109331131,0.013390367850661278,-0.2094765156507492,-0.3877226412296295,0.004731070715934038,-0.06419529765844345,0.0590319000184536,0.09872257709503174,0.025246450677514076,0.008296925574541092,0.034253187477588654,-0.05239541083574295,0.0268235020339489,0.046040721237659454,0.06666120141744614,-0.4980736970901489,0.016229407861828804,-0.12317235767841339,6.528966332552955e-05,-0.3846893906593323,-0.028582509607076645,0.4253638684749603,-0.20512570440769196,-0.3719525933265686
0.09738165140151978,0.0006556726293638349,0.5858896374702454,-0.1257980763912201,-0.0676918625831604,-0.23342999815940857,-0.42444854974746704,-0.0023743610363453627,-0.01547110266983509,0.15989725291728973,0.13088102638721466,-0.054175399243831635,-0.03117414563894272,0.16373050212860107,-0.11098833382129669,0.024078715592622757,0.0906737893819809,0.03923545405268669,-0.3511376678943634,0.012845496647059917,-0.0826275646686554,9.538304584566504e-05,-0.3964565098285675,-0.023050863295793533,0.4383516013622284,-0.23519188165664673,-0.4089856445789337
0.12275397777557373,-0.0032024383544921875,0.5877179503440857,-0.1522204428911209,-0.1311044692993164,-0.26000091433525085,-0.37480664253234863,0.000269467243924737,0.009270679205656052,0.25737234950065613,0.07452714443206787,-0.12273950129747391,-0.005093265324831009,0.28153151273727417,-0.035702578723430634,0.022126398980617523,0.15976044535636902,0.011819479055702686,-0.2973053455352783,0.009637217037379742,-0.022539569064974785,8.712997805560008e-05,-0.3945665955543518,-0.01733376458287239,0.3507842719554901,-0.23865482211112976,-0.4314400851726532
0.13366249203681946,-0.006824970245361328,0.5856045484542847,-0.15733198821544647,-0.07897289097309113,-0.2599243223667145,-0.5060662031173706,-0.002956205978989601,-0.012224601581692696,0.3041088283061981,0.030622441321611404,-0.1509295403957367,0.024484939873218536,0.2964109182357788,-0.07999583333730698,0.018982430920004845,0.12188024073839188,0.003196297911927104,-0.3716093599796295,0.009621025994420052,-0.027443867176771164,4.438497489900328e-05,-0.4273415207862854,-0.010775590315461159,0.3296249508857727,-0.28582367300987244,-0.5021151304244995
0.14386238157749176,-0.007747173309326172,0.583932101726532,-0.15736021101474762,-0.061657197773456573,-0.2600001096725464,-0.5662917494773865,-0.006552024744451046,0.02262307144701481,0.3286421597003937,0.08820387721061707,-0.15977218747138977,0.007482655346393585,0.29874953627586365,-0.09641440212726593,0.012489160522818565,0.0887065902352333,-0.006159170996397734,-0.28851959109306335,0.010715363547205925,-0.01413806714117527,6.073291660868563e-05,-0.45862412452697754,-0.003149761352688074,0.2493664175271988,-0.2937580347061157,-0.4732157289981842
0.15143342316150665,-0.004523277282714844,0.5815392732620239,-0.15619251132011414,-0.026627739891409874,-0.2599451243877411,-0.5870673060417175,-0.001434837351553142,0.01718221791088581,0.34212881326675415,0.07201358675956726,-0.17290401458740234,0.003015514463186264,0.30677926540374756,-0.1493997871875763,0.0010075168684124947,0.025984065607190132,-0.013753365725278854,-0.29401689767837524,0.014269860461354256,0.035322967916727066,2.1734354959335178e-05,-0.4978331923484802,0.005562064237892628,0.15572470426559448,-0.2770913243293762,-0.43129026889801025
0.153848797082901,0.0010522458469495177,0.5789084434509277,-0.15598434209823608,-0.031852588057518005,-0.2599533498287201,-0.6028156876564026,-0.002369990572333336,0.004601599648594856,0.355454683303833,0.11007829010486603,-0.17835909128189087,0.022606156766414642,0.3319016098976135,-0.1888790875673294,-0.013162683695554733,0.053738709539175034,-0.015975551679730415,-0.20115700364112854,0.01862424984574318,0.008673462085425854,1.511991195002338e-05,-0.5028663873672485,0.014670486561954021,0.1989164799451828,-0.2552598714828491,-0.3988117277622223
0.15004248917102814,0.0054775807075202465,0.5768864154815674,-0.15246133506298065,-0.05755341053009033,-0.2599349021911621,-0.5755175352096558,-0.004519475158303976,0.013277143239974976,0.3667912185192108,0.0968315452337265,-0.17797662317752838,0.02095218002796173,0.33359310030937195,-0.14221163094043732,-0.02562628500163555,0.0843997523188591,-0.01131154503673315,-0.16664329171180725,0.02185121364891529,-0.014138488098978996,2.0808991394005716e-05,-0.4820045232772827,0.023105811327695847,0.2950838506221771,-0.23839180171489716,-0.3592380881309509
0.1401422917842865,0.006320141721516848,0.575782060623169,-0.14058205485343933,-0.06614751368761063,-0.25991445779800415,-0.5914009213447571,-0.005208715796470642,0.014173347502946854,0.366465300321579,0.03783402964472771,-0.16272540390491486,0.05204383283853531,0.3376764953136444,-0.14464978873729706,-0.03352505341172218,0.12935587763786316,-0.00016355032857973129,-0.04202140122652054,0.023318711668252945,0.02050691470503807,2.646794746397063e-05,-0.46637827157974243,0.030440878123044968,0.2732972502708435,-0.21750998497009277,-0.321448415517807
0.12284766137599945,0.005696199368685484,0.5750589370727539,-0.11924897134304047,-0.012156615033745766,-0.2597832679748535,-0.4545708894729614,-0.009564872831106186,-0.006963372230529785,0.3451355993747711,-0.08642963320016861,-0.15111656486988068,0.039782531559467316,0.36165791749954224,-0.08619948476552963,-0.039555180817842484,0.07463382184505463,0.019022293388843536,-0.03134032338857651,0.023641275241971016,0.03446568548679352,2.6904708647634834e-05,-0.4655533730983734,0.03729003667831421,0.27910536527633667,-0.19441595673561096,-0.3267219662666321
0.09816963970661163,0.006908270996063948,0.5753831267356873,-0.09935183823108673,0.09066018462181091,-0.2593900263309479,-0.08315494656562805,-0.013028880581259727,-0.04011813551187515,0.31726765632629395,-0.18766652047634125,-0.1454802304506302,0.08633692562580109,0.3965873122215271,0.013454090803861618,-0.04785355180501938,0.09329363703727722,0.04606417566537857,-0.15349511802196503,0.022350193932652473,-0.020871294662356377,3.894845940521918e-05,-0.47061532735824585,0.044411249458789825,0.4934777021408081,-0.1698257178068161,-0.24872611463069916
0.0665641576051712,0.007889294996857643,0.5762285590171814,-0.07767798751592636,0.1942283660173416,-0.2564549148082733,0.25993460416793823,-0.012959298677742481,-0.025547608733177185,0.28123876452445984,-0.32819586992263794,-0.14016056060791016,0.0857619047164917,0.426761269569397,0.14598394930362701,-0.05612923204898834,0.024613579735159874,0.08046367019414902,-0.3587580621242523,0.019485866650938988,-0.06080763787031174,3.57454591721762e-05,-0.4795154929161072,0.05140107870101929,0.4501940608024597,-0.14660581946372986,-0.24470438063144684
0.020513935014605522,0.0046678949147462845,0.5713306665420532,-0.00133296730928123,0.3477485477924347,-0.22421306371688843,0.6678081750869751,-0.014767808839678764,-0.04078291356563568,0.13485409319400787,-0.4775034189224243,-0.12770187854766846,0.06626729667186737,0.32007473707199097,0.3498138189315796,-0.06060493364930153,-0.08758120238780975,0.13270531594753265,-0.3738557994365692,0.02006511017680168,-0.0916595309972763,4.727909981738776e-05,-0.4543704390525818,0.06137866899371147,0.46395790576934814,-0.15180841088294983,-0.11073180288076401
-0.016045570373535156,0.011685243807733059,0.5720210075378418,0.03508223593235016,0.04181203246116638,-0.18222922086715698,0.7798309326171875,-0.017772918567061424,-0.014346223324537277,0.02764631062746048,-0.6389923095703125,-0.07244550436735153,0.14517253637313843,0.15792079269886017,0.42759865522384644,-0.07649192214012146,0.1157139241695404,0.17360661923885345,0.39480605721473694,0.01565336063504219,0.06957048177719116,3.7877834984101355e-05,-0.3657313585281372,0.06802655756473541,0.3489285409450531,-0.1560717523097992,0.7590206861495972
-0.020999908447265625,0.01994233764708042,0.5707721710205078,0.031501684337854385,-0.012086307629942894,-0.18031932413578033,0.9376866817474365,-0.017367109656333923,0.05559762567281723,-4.075430115335621e-05,-0.6928645372390747,-0.04908395931124687,0.3349667191505432,0.24313971400260925,0.643817126750946,-0.0948702022433281,0.06583748757839203,0.17483896017074585,0.7309104800224304,0.012084003537893295,0.030286461114883423,0.0019916349556297064,-0.18944090604782104,0.07541561871767044,0.14491590857505798,-0.03027431294322014,0.23342518508434296
-0.042620182037353516,0.025619475170969963,0.5670569539070129,0.01704602688550949,-0.022286413237452507,-0.15595518052577972,0.769355833530426,-0.011804681271314621,0.1443381905555725,-2.0571691493387334e-05,-0.5929295420646667,-0.041313283145427704,0.32815927267074585,0.24149252474308014,0.526924192905426,-0.13652631640434265,0.059815507382154465,0.19739887118339539,0.31666305661201477,0.018785128369927406,0.038965050131082535,0.08061765879392624,-0.0015910901129245758,-0.009568666107952595,0.08310376852750778,-0.3162328600883484,-0.13219746947288513
-0.07221603393554688,0.02255101129412651,0.5635929703712463,0.013114158064126968,0.05041005089879036,-0.12013193964958191,0.7522724866867065,-0.006268647965043783,0.10141263157129288,5.6881210184656084e-05,-0.4514900743961334,-0.03513660281896591,0.2869361639022827,0.19193880259990692,0.2915250062942505,-0.15828922390937805,-0.004661001265048981,0.22637256979942322,0.1051827147603035,0.015721766278147697,0.009074032306671143,0.149074986577034,-0.03565380722284317,-0.06972793489694595,0.07700714468955994,-0.45398077368736267,-0.21641187369823456
-0.09852313995361328,0.01704893261194229,0.5606555342674255,0.012817146256566048,0.07351695746183395,-0.08852490037679672,0.7031688094139099,-0.0018362216651439667,0.021772991865873337,-4.346071000327356e-05,-0.45710819959640503,-0.030162759125232697,0.19184660911560059,0.18710020184516907,0.4357547163963318,-0.1689014881849289,-0.05965576320886612,0.24755817651748657,0.37850579619407654,0.007824860513210297,-0.00374450720846653,0.2051263451576233,0.00020240247249603271,-0.09772873669862747,0.0646393820643425,-0.29247745871543884,-0.2554549276828766
-0.12040853500366211,0.011120946146547794,0.5585885643959045,0.01321577001363039,0.1459885835647583,-0.06239387020468712,0.48196524381637573,0.0015864308224990964,0.03896050527691841,-3.098402521573007e-05,-0.4063996970653534,-0.02505224570631981,0.2755352854728699,0.20796623826026917,0.4082375168800354,-0.1792895346879959,-0.11790107190608978,0.25994962453842163,0.4260569214820862,-0.002793356543406844,-0.011753132566809654,0.2664395868778229,0.05566760525107384,-0.12015772610902786,0.046631939709186554,-0.23448029160499573,-0.29871058464050293
-0.13848495483398438,0.004507503472268581,0.5593578815460205,0.014271997846662998,0.13488763570785522,-0.04055624455213547,0.3853551745414734,0.0021632404532283545,0.0438963808119297,-2.6531204639468342e-05,-0.44726306200027466,-0.019472956657409668,0.3573472499847412,0.2193639874458313,0.42646920680999756,-0.17847135663032532,-0.10888528823852539,0.2599155604839325,0.5684186816215515,-0.006924238987267017,-0.02036447450518608,0.3056519031524658,0.04464467987418175,-0.12785518169403076,0.02026098594069481,-0.43195173144340515,-0.12154164165258408
-0.15502119064331055,-0.0012950897216796875,0.5614068508148193,0.014099226333200932,0.10191335529088974,-0.019442882388830185,0.13190922141075134,0.0015946965431794524,0.03204840049147606,1.895752029668074e-05,-0.46141237020492554,-0.013198807835578918,0.40546107292175293,0.20474302768707275,0.34466052055358887,-0.17011801898479462,-0.04388183355331421,0.25977522134780884,0.637787401676178,0.0029903424438089132,0.0010781874880194664,0.32937827706336975,0.06118955835700035,-0.15775461494922638,0.0029628537595272064,0.016912098973989487,0.01862182654440403
-0.16355609893798828,-0.004331111907958984,0.5632590055465698,0.010307427495718002,0.08535289764404297,-0.007557872217148542,0.16072553396224976,0.000491205311845988,0.05551571026444435,-4.636976882466115e-06,-0.49561774730682373,-0.006097880657762289,0.2967131733894348,0.19976726174354553,0.431175172328949,-0.16118209064006805,-0.0411033034324646,0.25977176427841187,0.6778715252876282,0.009218108840286732,-0.013151107355952263,0.3441654443740845,0.08012174069881439,-0.1726064234972,0.017957355827093124,0.2989514470100403,0.18778397142887115
-0.16387081146240234,-0.005107879638671875,0.5637437105178833,0.0035136041697114706,0.040917955338954926,-0.005328626837581396,0.17094185948371887,0.00010639383981470019,0.031087329611182213,-9.613982001610566e-06,-0.5108386278152466,0.0015404808800667524,0.26236268877983093,0.20724724233150482,0.37075287103652954,-0.1534019112586975,0.016227751970291138,0.25978681445121765,0.5668182373046875,0.011371173895895481,-0.02948649413883686,0.35407766699790955,0.07203878462314606,-0.17772333323955536,0.02615172043442726,0.39710021018981934,0.308074951171875
-0.15920305252075195,-0.005577564239501953,0.5644881129264832,-0.0038199136033654213,0.027060529217123985,-0.00837501510977745,0.19280123710632324,-0.000511801044922322,0.038707420229911804,-1.795047319319565e-05,-0.5505276322364807,0.009423602372407913,0.23692764341831207,0.2053469866514206,0.3396680951118469,-0.13723905384540558,0.03713027015328407,0.25974178314208984,0.48638394474983215,-0.004217252600938082,-0.044303048402071,0.3453778922557831,0.04821068421006203,-0.16489629447460175,0.045300502330064774,0.4028642475605011,0.32925859093666077
-0.14941120147705078,-0.005707740783691406,0.5642103552818298,-0.01146124117076397,0.054201140999794006,-0.016623517498373985,0.2269980013370514,7.413339335471392e-05,0.018023781478405,-3.4787874028552324e-05,-0.5123177170753479,0.017139414325356483,0.2223495990037918,0.18521475791931152,0.3126177191734314,-0.12130201607942581,0.028819937258958817,0.25944116711616516,0.3451346457004547,-0.009749725461006165,-0.016930604353547096,0.3404722511768341,0.05726880207657814,-0.16043482720851898,0.03376707807183266,0.34136465191841125,0.2758624851703644
-0.13262367248535156,-0.005692481994628906,0.563430666923523,-0.01922522857785225,0.10409734398126602,-0.0328301303088665,0.1432463824748993,0.001344930613413453,0.023204006254673004,-1.6800198864075355e-05,-0.48676639795303345,0.024756908416748047,0.25284451246261597,0.16645526885986328,0.2634654641151428,-0.10040473192930222,-0.0026002824306488037,0.25589269399642944,0.2989315092563629,-0.009508910588920116,-0.009603690356016159,0.32516032457351685,-0.08229552209377289,-0.15602345764636993,0.03927205875515938,0.2201373279094696,0.22977298498153687
-0.1068263053894043,-0.0024080276489257812,0.564518928527832,-0.03098391182720661,0.06393926590681076,-0.05988799408078194,0.21297453343868256,0.0009553309064358473,0.013483244925737381,-1.7255573766306043e-05,-0.4967120587825775,0.033432312309741974,0.28228330612182617,0.16651000082492828,0.24933792650699615,-0.060396306216716766,0.05072735249996185,0.24358727037906647,0.20236219465732574,-0.0073961177840828896,-0.0016650930047035217,0.25617095828056335,-0.20633138716220856,-0.14849884808063507,0.03369034454226494,0.07704149931669235,0.04647814482450485
-0.07355928421020508,0.006389005575329065,0.5652462244033813,-0.049142953008413315,-0.019714975729584694,-0.09508386254310608,0.07145936787128448,0.001566280028782785,0.027891919016838074,-4.290912693249993e-05,-0.5471927523612976,0.042817506939172745,0.1755736619234085,0.16844585537910461,0.2808798551559448,-0.0169640202075243,0.1671762466430664,0.22614917159080505,0.4004884362220764,0.0004010771808680147,0.0067670345306396484,0.1619172841310501,-0.2453848123550415,-0.13680820167064667,0.06557431817054749,-0.09814764559268951,-0.2479201704263687
-0.03351020812988281,0.018183471634984016,0.562833309173584,-0.0705699548125267,0.09480112046003342,-0.13679064810276031,0.17598533630371094,0.006899395491927862,0.025962723419070244,-2.5686398657853715e-05,-0.38073334097862244,0.05179804936051369,0.34978508949279785,0.16996954381465912,0.02629910781979561,0.009471251629292965,0.1524437814950943,0.2068626582622528,0.032978057861328125,0.00410832092165947,0.0433550663292408,0.09749263525009155,-0.3749518394470215,-0.1345563530921936,0.04236488416790962,-0.32070407271385193,-0.7440237998962402
0.00027727684937417507,0.027287373319268227,0.5622138977050781,-0.0890667736530304,0.1368110626935959,-0.16983579099178314,-0.045222483575344086,0.011430029757320881,-0.023268990218639374,3.217604535166174e-05,-0.25701841711997986,0.0607542060315609,0.4472739100456238,0.1559218466281891,-0.6010215282440186,0.03579498827457428,0.0759085863828659,0.17680636048316956,-0.39999160170555115,0.005395455285906792,0.08364230394363403,0.0097036836668849,-0.7728919982910156,-0.07281485199928284,-0.16824214160442352,-0.2109740823507309,-0.8517539501190186
0.015744904056191444,0.030570605769753456,0.5636199712753296,-0.10063614696264267,0.14324642717838287,-0.1779751479625702,-0.5794610381126404,0.010516209527850151,0.008290366269648075,2.0163721274002455e-05,-0.22403143346309662,0.06929382681846619,0.2972819209098816,0.03638093173503876,-0.3817704916000366,0.029243074357509613,-0.018122795969247818,0.1650705486536026,-1.1704967021942139,0.0035569085739552975,-0.04262963682413101,3.6633740819524974e-05,-0.6934760808944702,-0.060136277228593826,0.1366622895002365,-0.21005073189735413,-0.5522633194923401
0.04165524244308472,0.0253007709980011,0.5667713284492493,-0.11578061431646347,0.1797400414943695,-0.19977499544620514,-0.38719743490219116,0.005135133396834135,-0.01718543842434883,0.0514916367828846,-0.001574438065290451,-0.0004175988142378628,0.06592925637960434,0.04519585147500038,0.10388809442520142,0.028511693701148033,-0.07596120238304138,0.14087332785129547,-0.8145919442176819,-0.0013403525808826089,-0.16777874529361725,0.00011294784781057388,-0.4903596341609955,-0.054887715727090836,0.434587299823761,-0.21919871866703033,-0.5214872360229492
0.07556602358818054,0.016956960782408714,0.5695146322250366,-0.13095878064632416,-3.991229459643364e-05,-0.23115333914756775,-0.13303640484809875,-0.0019003652269020677,-0.00895109586417675,0.12548494338989258,-0.016898058354854584,-0.05248012766242027,0.09425560384988785,0.0379536934196949,0.13062383234500885,0.031251922249794006,0.09486629068851471,0.10504366457462311,-0.6759896874427795,-0.006136721931397915,-0.11669641733169556,0.00010309369827155024,-0.4269133508205414,-0.04997711628675461,0.3970499336719513,-0.18893833458423615,-0.4162440598011017
0.10492388904094696,0.009723951108753681,0.5707035660743713,-0.1439904421567917,-0.12851060926914215,-0.25509151816368103,-0.38122135400772095,0.0013976303162053227,0.015061644837260246,0.1955149918794632,-0.02465730905532837,-0.08553801476955414,0.0570986345410347,-0.019006876274943352,0.11880000680685043,0.0323665514588356,0.1717819720506668,0.07447975873947144,-0.3200652301311493,-0.009522899053990841,-0.036578234285116196,8.028191950870678e-05,-0.3824864625930786,-0.04428767412900925,0.3784412443637848,-0.18241602182388306,-0.3802312910556793
0.12458149343729019,0.005967546720057726,0.5684195756912231,-0.14967526495456696,-0.09966451674699783,-0.25958555936813354,-0.5553246736526489,0.00535719096660614,0.006560482084751129,0.24037909507751465,0.05614982172846794,-0.10631053894758224,0.0025948043912649155,-0.1815589964389801,0.028482012450695038,0.02866380661725998,0.14744514226913452,0.05613351985812187,-0.22913585603237152,-0.00874149240553379,-0.04492783918976784,8.447124855592847e-05,-0.4040856957435608,-0.03653769567608833,0.4015868604183197,-0.20233310759067535,-0.3713614344596863
0.14086030423641205,0.005456500221043825,0.5662705302238464,-0.1603819578886032,-0.1053992211818695,-0.25988900661468506,-0.7011843323707581,0.003031271044164896,0.00972568430006504,0.2881809175014496,0.11163276433944702,-0.13860803842544556,-0.033582575619220734,-0.3502851128578186,-0.09542211890220642,0.02065269649028778,0.13774392008781433,0.040975168347358704,-0.14879469573497772,-0.007461695931851864,-0.023803835734725,9.079224400920793e-05,-0.4494917392730713,-0.027666689828038216,0.3864051103591919,-0.20189692080020905,-0.40843579173088074
0.1509421020746231,0.004461292177438736,0.5638523697853088,-0.16656270623207092,-0.05615830421447754,-0.2598210573196411,-0.7488906979560852,-0.0009674296015873551,0.009406475350260735,0.3277601897716522,0.0959639847278595,-0.16894297301769257,-0.018065795302391052,-0.43039470911026,-0.2544330358505249,0.0129794180393219,0.08946783095598221,0.032936710864305496,-0.14112086594104767,-0.00570198567584157,0.004170451313257217,5.9135145420441404e-05,-0.48847493529319763,-0.018590223044157028,0.2728153169155121,-0.20922251045703888,-0.4304623007774353
0.15516720712184906,0.0038628163747489452,0.5608189702033997,-0.16493098437786102,-0.042483437806367874,-0.2599356770515442,-0.6771547198295593,-0.008305946364998817,-0.005781795829534531,0.3497854769229889,0.08282038569450378,-0.18185630440711975,0.0020223259925842285,-0.4207438826560974,-0.35488367080688477,0.004777157213538885,0.060286298394203186,0.03160613775253296,-0.205194890499115,-0.0031509706750512123,-0.019402651116251945,5.91081588936504e-05,-0.5127793550491333,-0.009280082769691944,0.23347125947475433,-0.21978339552879333,-0.4105088710784912
0.15410757064819336,0.0047468687407672405,0.5585158467292786,-0.16042079031467438,-0.03941969573497772,-0.2599030137062073,-0.6320841908454895,-0.012326694093644619,0.003811681643128395,0.36251571774482727,0.08075040578842163,-0.1852639615535736,0.00921175628900528,-0.32809025049209595,-0.3907073140144348,-0.005019940435886383,0.07111521065235138,0.0361795648932457,-0.18240882456302643,-0.0010683484142646194,-0.022955646738409996,5.0122627726523206e-05,-0.506649374961853,6.628875416936353e-05,0.2600529193878174,-0.2264087051153183,-0.4109230041503906
0.1477895975112915,0.006393474526703358,0.5574944615364075,-0.15392522513866425,-0.07776098698377609,-0.25992852449417114,-0.5922148823738098,-0.013604559004306793,0.008171607740223408,0.36824852228164673,0.030373748391866684,-0.18247003853321075,0.027955584228038788,-0.1525026559829712,-0.3785616159439087,-0.015549026429653168,0.10761513561010361,0.04659071937203407,-0.16447310149669647,-0.0002578750136308372,-0.0044622235000133514,5.1736089517362416e-05,-0.49129214882850647,0.009164092130959034,0.25096604228019714,-0.2290792465209961,-0.40063586831092834
0.13673600554466248,0.006229761056602001,0.5561521053314209,-0.13676145672798157,-0.05702079087495804,-0.2597607672214508,-0.569880485534668,-0.0061869751662015915,0.028233040124177933,0.35148561000823975,-0.020703036338090897,-0.16394855082035065,0.05297873169183731,-0.0025925494264811277,-0.2908055782318115,-0.023976273834705353,0.13607068359851837,0.06217457354068756,-0.083001509308815,0.00036103263846598566,0.010601413436233997,4.548026481643319e-05,-0.4551226496696472,0.017963919788599014,0.30583062767982483,-0.22613032162189484,-0.3763023614883423
0.11961624026298523,0.005901881959289312,0.5559834241867065,-0.12176471203565598,-0.012929579243063927,-0.25975289940834045,-0.5165353417396545,-0.0015957277501001954,0.00877213105559349,0.3354216516017914,-0.09150248765945435,-0.1534261852502823,0.0634811669588089,0.08830959349870682,-0.18033137917518616,-0.03241901472210884,0.1053726002573967,0.08442528545856476,-0.017600618302822113,-0.0006856537074781954,-0.0019428599625825882,4.091309165232815e-05,-0.458901584148407,0.026726078242063522,0.2906270921230316,-0.21900424361228943,-0.3509223759174347
0.09705191105604172,0.0046399421989917755,0.5558642148971558,-0.10059608519077301,0.13422393798828125,-0.2594752013683319,-0.2605462670326233,-0.002155385445803404,-0.022550150752067566,0.3039848804473877,-0.20817075669765472,-0.14220453798770905,0.08463987708091736,0.18188601732254028,0.02571634016931057,-0.039922360330820084,-0.0015395469963550568,0.11272116750478745,-0.14275147020816803,-0.002510843798518181,-0.036922674626111984,-1.4119764273345936e-06,-0.5229909420013428,0.03526657074689865,0.22994841635227203,-0.211337611079216,-0.3416503965854645
0.06698361784219742,0.00383012555539608,0.5564973950386047,-0.08091898262500763,0.22708097100257874,-0.25702956318855286,-0.036375001072883606,-0.00390563253313303,-0.05559857189655304,0.27152571082115173,-0.34097954630851746,-0.13612717390060425,0.11535340547561646,0.25269168615341187,0.3241008520126343,-0.04846171662211418,-0.008713576942682266,0.149529367685318,-0.11417736858129501,-0.00604303739964962,-0.04981924965977669,2.7137797587784007e-05,-0.5362457633018494,0.044291406869888306,0.29261013865470886,-0.2166415899991989,-0.28023600578308105
0.03139888122677803,0.00042481254786252975,0.5587048530578613,-0.04984542354941368,0.24725136160850525,-0.2504945695400238,0.182298943400383,0.002694161143153906,0.036825891584157944,0.21807214617729187,-0.3764432370662689,-0.13381993770599365,0.042327940464019775,0.2950352430343628,0.5937195420265198,-0.053936488926410675,0.0027523506432771683,0.19209730625152588,-0.05482541397213936,-0.01198903564363718,-0.17467375099658966,-1.6181469391085557e-06,-0.5572545528411865,0.05206923186779022,0.0012234896421432495,-0.22465451061725616,-0.10763972252607346
-0.008896827697753906,-0.005443096160888672,0.5671253204345703,-0.009609284810721874,0.24136242270469666,-0.22999289631843567,0.4324938654899597,0.021939486265182495,0.07916049659252167,0.14533574879169464,-0.6983885765075684,-0.13799355924129486,-0.12735708057880402,0.2199692726135254,0.7753101587295532,-0.055742278695106506,0.10814141482114792,0.23906588554382324,-0.04150848090648651,-0.02434638701379299,-0.19784288108348846,-2.37868389376672e-05,-0.4378817081451416,0.056701455265283585,-0.08854520320892334,-0.2334899604320526,0.4897816479206085
-0.017694473266601562,-0.019997596740722656,0.5542409420013428,0.08684102445840836,0.11882422119379044,-0.22710251808166504,1.0556339025497437,0.014646006748080254,-0.038133732974529266,9.204122193295916e-07,-0.9134743809700012,-0.08161775022745132,-0.11341524124145508,0.278766393661499,0.5976402759552002,-0.05008739233016968,0.18770742416381836,0.24214370548725128,0.4191506803035736,-0.016325397416949272,-0.13188955187797546,0.028441155329346657,-0.24450036883354187,0.03966304659843445,0.04281427338719368,-0.09890270978212357,0.4346197843551636
-0.047377586364746094,-0.022629261016845703,0.5645249485969543,0.09411939978599548,0.10769463330507278,-0.19725894927978516,0.6812389492988586,0.0029251817613840103,-0.08806446194648743,2.314356606802903e-05,-0.4105444550514221,-0.09225918352603912,0.11943679302930832,0.31588661670684814,0.44782161712646484,-0.053803812712430954,0.023370351642370224,0.25991350412368774,0.0730983316898346,-0.0021784610580652952,0.14808174967765808,0.06324056535959244,-0.10908111929893494,-0.02546430006623268,0.1578161120414734,0.018870824947953224,-0.2003030627965927
-0.07890605926513672,-0.018736839294433594,0.5842471122741699,0.08966662734746933,0.28868573904037476,-0.1643892377614975,0.5416543483734131,-0.009995732456445694,-0.09205783158540726,-6.847819167887792e-05,-0.38036078214645386,-0.07050395756959915,0.13325750827789307,0.3291865885257721,0.5482046604156494,-0.0775148868560791,-0.16772910952568054,0.25982001423835754,0.23813438415527344,0.025265773758292198,0.0705861747264862,0.1310485154390335,-0.04019330441951752,-0.0666237622499466,0.10384039580821991,0.24516744911670685,-0.1352413147687912
-0.11271858215332031,-0.011549949645996094,0.6060272455215454,0.08417187631130219,0.2526553273200989,-0.1266934871673584,0.2201986461877823,-0.028095636516809464,-0.051019102334976196,-4.7528672439511865e-05,-0.37791091203689575,-0.06752803176641464,0.22445864975452423,0.27724093198776245,0.4186246991157532,-0.11302922666072845,-0.20180676877498627,0.25937917828559875,0.523533284664154,0.021448295563459396,-0.02087181806564331,0.2165001779794693,0.035118285566568375,-0.08861330151557922,0.04041440412402153,0.37167230248451233,-0.0023048799484968185
-0.14048004150390625,-0.005692005157470703,0.6259034276008606,0.08112867176532745,0.2523736357688904,-0.09602136164903641,0.06779154390096664,-0.04580260068178177,-0.032866209745407104,6.499662504211301e-06,-0.37251049280166626,-0.06580361723899841,0.3474648594856262,0.2406160831451416,0.3244023323059082,-0.1398828625679016,-0.1439809799194336,0.25736069679260254,0.6132754683494568,0.018480155616998672,-0.0027021802961826324,0.2844761908054352,0.05189284309744835,-0.11225051432847977,0.031473394483327866,0.4100860059261322,0.11424478143453598
-0.16030406951904297,-0.002087116241455078,0.6437467932701111,0.08157936483621597,0.18613792955875397,-0.07500950247049332,0.11291836947202682,-0.06238900125026703,-0.07075301557779312,3.712115722009912e-05,-0.3953326642513275,-0.06575401872396469,0.4589005708694458,0.23944368958473206,0.36461925506591797,-0.14960676431655884,-0.08388352394104004,0.2583271563053131,0.6521219611167908,0.02086133509874344,-0.001059655100107193,0.31686919927597046,0.023515019565820694,-0.12936656177043915,0.023789364844560623,0.28524157404899597,0.3015603721141815
-0.17389392852783203,0.004541401285678148,0.6615580320358276,0.07842644304037094,0.1452360451221466,-0.06082231551408768,0.16872897744178772,-0.07995333522558212,-0.11566091328859329,5.5859309213701636e-05,-0.4467635154724121,-0.06496437638998032,0.38032662868499756,0.23988042771816254,0.34889113903045654,-0.15532444417476654,-0.06648734211921692,0.25974008440971375,0.5852963328361511,0.013593745417892933,-0.015765229240059853,0.33058053255081177,0.03831326588988304,-0.14833171665668488,0.006025645881891251,0.04859136417508125,0.3857475817203522
-0.18216228485107422,0.0145738385617733,0.681509792804718,0.0711728185415268,0.15539959073066711,-0.052310191094875336,0.26685330271720886,-0.10069293528795242,-0.14610278606414795,-2.991562951137894e-06,-0.46525079011917114,-0.06276287138462067,0.34974151849746704,0.24107365310192108,0.3592790961265564,-0.15793512761592865,-0.06583923101425171,0.259889155626297,0.579631507396698,0.011964219622313976,-0.004689648747444153,0.33052119612693787,0.030092675238847733,-0.1705775409936905,-0.006660822778940201,0.2940601408481598,0.36701253056526184
-0.1852731704711914,0.02633918635547161,0.7037427425384521,0.06179485470056534,0.2578646242618561,-0.04925336316227913,0.12342362850904465,-0.12437915802001953,-0.1852550506591797,-2.3847674128774088e-06,-0.4301234483718872,-0.059444624930620193,0.2922384738922119,0.2430490255355835,0.32844769954681396,-0.15995284914970398,-0.13048133254051208,0.2599044740200043,0.6280360817909241,0.010986150242388248,0.015417233109474182,0.326260507106781,-0.014999594539403915,-0.1828540414571762,0.023495551198720932,0.4669884741306305,0.29142695665359497
-0.18259716033935547,0.03384080529212952,0.7272564768791199,0.057484641671180725,0.31620538234710693,-0.052521564066410065,0.13447774946689606,-0.14894920587539673,-0.21603259444236755,2.8626714993151836e-05,-0.4271954298019409,-0.05654258653521538,0.3714785575866699,0.24541743099689484,0.25240129232406616,-0.1560150384902954,-0.1776445209980011,0.2598472833633423,0.6254211068153381,0.009551052935421467,-0.005345873534679413,0.3129082918167114,-0.0544075071811676,-0.16618900001049042,0.04929029569029808,0.2845613360404968,0.25613948702812195
-0.1735243797302246,0.03651159629225731,0.7503603100776672,0.05901317670941353,0.20577943325042725,-0.06269310414791107,0.22962819039821625,-0.17276521027088165,-0.22465726733207703,3.444370122451801e-06,-0.42493629455566406,-0.05478312820196152,0.38590729236602783,0.2479870319366455,0.24529896676540375,-0.15378563106060028,-0.12309695780277252,0.2598887085914612,0.5039026141166687,0.011625915765762329,0.014599516987800598,0.3068546652793884,-0.007511001080274582,-0.15232932567596436,0.03488923981785774,0.0455639511346817,0.2328156977891922
-0.1585407257080078,0.04169389232993126,0.7733970284461975,0.05754631385207176,0.19900372624397278,-0.0792405903339386,0.12865230441093445,-0.19718718528747559,-0.21114510297775269,3.5437140468275174e-05,-0.41855669021606445,-0.0521974191069603,0.4454101324081421,0.25178393721580505,0.30753248929977417,-0.1508912295103073,-0.13104799389839172,0.2596783936023712,0.5047585964202881,0.0298444926738739,0.04485943540930748,0.28340598940849304,-0.09147907793521881,-0.1346295326948166,0.06226799264550209,-0.1297488808631897,0.17380337417125702
-0.1379532814025879,0.050269078463315964,0.7942521572113037,0.052138376981019974,0.17685376107692719,-0.10181940346956253,0.047645069658756256,-0.22018545866012573,-0.15199503302574158,3.72480608348269e-05,-0.43795084953308105,-0.049304913729429245,0.5985336899757385,0.25537675619125366,0.15979020297527313,-0.15465039014816284,-0.010420728474855423,0.2596999704837799,0.49569496512413025,0.04288378730416298,0.07687778770923615,0.2572037875652313,-0.13708925247192383,-0.12463466823101044,0.09387212991714478,-0.23885561525821686,0.036189205944538116
-0.11203861236572266,0.054969195276498795,0.813459038734436,0.05162519961595535,0.1536247730255127,-0.1300177276134491,0.04875475913286209,-0.2413216233253479,-0.1530711054801941,3.162607754347846e-05,-0.44544315338134766,-0.047635965049266815,0.7509728670120239,0.2594960629940033,0.10873773694038391,-0.14782662689685822,0.09117822349071503,0.25949156284332275,0.40769439935684204,0.06096789985895157,0.14480248093605042,0.21173371374607086,-0.3004903495311737,-0.11672165244817734,0.0762535110116005,-0.34877505898475647,-0.27870291471481323
-0.07907772064208984,0.04848127439618111,0.8388186693191528,0.06275788694620132,0.12690553069114685,-0.16132965683937073,0.2058095484972,-0.23966816067695618,-0.19471681118011475,3.755402940441854e-05,-0.42654621601104736,-0.05196622386574745,0.6428834199905396,0.24897493422031403,-0.08884545415639877,-0.08020845800638199,0.17699399590492249,0.24432061612606049,0.32909518480300903,0.11228802800178528,0.22159956395626068,0.07654495537281036,-0.4533884525299072,-0.11027393490076065,0.03935924917459488,-0.46926015615463257,-0.616151750087738
-0.07265090942382812,0.04688670486211777,0.8590615391731262,0.0702790766954422,0.1488019973039627,-0.16467006504535675,-0.09157193452119827,-0.2597522735595703,-0.2998841106891632,9.689246508060023e-05,-0.231606125831604,-0.05445468798279762,0.22807630896568298,0.2544190287590027,-0.8287733793258667,-0.032096438109874725,-0.04271814972162247,0.23237161338329315,-0.5830774307250977,0.10024014860391617,0.15983618795871735,-3.174515950377099e-05,-0.5580168962478638,-0.060835644602775574,-0.134381964802742,-0.41522881388664246,-0.9966061115264893
-0.07040596008300781,0.05120445415377617,0.8660691380500793,0.07152700424194336,0.13327638804912567,-0.16190633177757263,-0.5072571039199829,-0.26794523000717163,-0.2564071714878082,0.0001097043277695775,-0.05473998561501503,-0.059166230261325836,0.034279946237802505,0.21428295969963074,-0.6182243824005127,-0.02644946798682213,-0.0923062115907669,0.23418597877025604,-1.3255813121795654,0.09814321249723434,-0.0029705949127674103,1.670695564826019e-05,-0.6696810722351074,-0.08196470141410828,0.0007556639611721039,-0.44725435972213745,-0.8541578054428101
-0.05373382568359375,0.0668218657374382,0.8698998689651489,0.049536820501089096,0.09619740396738052,-0.17640824615955353,-0.6787614226341248,-0.27498021721839905,-0.14462199807167053,0.019806012511253357,0.10933353006839752,-0.07071270048618317,-0.06803270429372787,0.08082637190818787,-0.31096458435058594,-0.036629583686590195,-0.13362103700637817,0.21899515390396118,-1.5863475799560547,0.09572692960500717,-0.050855837762355804,4.1396629057999235e-06,-0.67664635181427,-0.08949629962444305,0.04631445184350014,-0.45478948950767517,-0.9008512496948242
-0.021465778350830078,0.08991201967000961,0.8802383542060852,-0.028580883517861366,0.04598259925842285,-0.22491851449012756,-0.43121469020843506,-0.12290148437023163,0.12894731760025024,0.15469413995742798,0.14625462889671326,-0.1190246194601059,-0.038832008838653564,0.37289029359817505,0.30887019634246826,-0.06834273040294647,-0.031220540404319763,0.18757091462612152,-1.1061228513717651,0.07126832008361816,-0.0965985655784607,5.313654037308879e-05,-0.6583937406539917,-0.009772355668246746,0.29892468452453613,-0.48156070709228516,-0.9962831735610962
0.014787138439714909,0.09502160549163818,0.8985052108764648,-0.06432231515645981,-0.006483153905719519,-0.2598586976528168,-0.22409190237522125,-0.04755205661058426,0.009181372821331024,0.23545977473258972,-0.01803688332438469,-0.1466214805841446,-0.004756025969982147,0.4534726142883301,0.24068912863731384,-0.06569434702396393,0.11368429660797119,0.1425434798002243,-0.7229854464530945,0.05893492326140404,0.021792471408843994,0.00011618593998719007,-0.4995505213737488,-0.020254570990800858,0.4457991421222687,-0.35952720046043396,-0.6719175577163696
0.035356927663087845,0.09194154292345047,0.9174895286560059,-0.08472521603107452,-0.03540780022740364,-0.2599203288555145,-0.37760329246520996,-0.023529717698693275,0.0011600106954574585,0.2976771593093872,0.08064711093902588,-0.17160238325595856,-0.006326016038656235,0.2614850103855133,0.27365678548812866,-0.05303275212645531,0.16301725804805756,0.1219414696097374,-0.7613359093666077,0.04244956746697426,-0.015308894217014313,0.00010711325012380257,-0.38541892170906067,-0.03265781328082085,0.5569457411766052,-0.3623184263706207,-0.6684478521347046
0.05816327780485153,0.083622507750988,0.934450089931488,-0.09417916089296341,-0.05615562945604324,-0.25978338718414307,-0.5246118903160095,-0.00987206120043993,0.02078096568584442,0.34036335349082947,0.0956047773361206,-0.1762034296989441,-0.018778905272483826,0.023615039885044098,0.21387217938899994,-0.035348135977983475,0.11920672655105591,0.0980311930179596,-0.6602984666824341,0.027135932818055153,-0.02543899416923523,0.00012597597378771752,-0.3998488783836365,-0.04465156048536301,0.518725574016571,-0.3645766079425812,-0.6464537978172302
0.08369135111570358,0.07875905930995941,0.9507347941398621,-0.10971208661794662,-0.12588579952716827,-0.2597745358943939,-0.5604572892189026,-0.0009919469011947513,0.007360992953181267,0.3778320252895355,0.1485309600830078,-0.17885524034500122,-0.004442054778337479,-0.058502137660980225,0.1138225644826889,-0.022685222327709198,0.12633386254310608,0.06974942982196808,-0.5751003623008728,0.012599419802427292,-0.09370134770870209,0.00010612972255330533,-0.39210954308509827,-0.05485272780060768,0.46367278695106506,-0.34957027435302734,-0.5145702958106995
0.10929425060749054,0.07779161632061005,0.96696537733078,-0.12637613713741302,-0.11825106292963028,-0.25979697704315186,-0.6722741723060608,0.0011743755312636495,0.017949508503079414,0.3970947265625,0.0797370970249176,-0.1815575510263443,-0.00747864693403244,-0.15500156581401825,-0.06883762031793594,-0.015246386639773846,0.1483108103275299,0.040326379239559174,-0.2248232662677765,-0.0018781631952151656,-0.09787651896476746,8.989669004222378e-05,-0.3837394118309021,-0.06364753097295761,0.4462137818336487,-0.32457780838012695,-0.44850805401802063
0.13119107484817505,0.07779243588447571,0.9826238751411438,-0.13833363354206085,-0.12196507304906845,-0.2599165439605713,-0.6430032253265381,0.00034394426620565355,0.020248809829354286,0.39353132247924805,0.038337770849466324,-0.18473054468631744,-0.0008885711431503296,-0.2028423398733139,-0.1811957061290741,-0.009500465355813503,0.19251646101474762,0.014324931427836418,-0.05786368250846863,-0.01592562161386013,-0.06900779902935028,9.213413432007656e-05,-0.3648012578487396,-0.07139776647090912,0.4321344792842865,-0.29035964608192444,-0.36198481917381287
0.14578364789485931,0.07680559903383255,0.9977632761001587,-0.1491546928882599,-0.11563655734062195,-0.2597748339176178,-0.6002967357635498,-0.00156848831102252,0.024009376764297485,0.3815719187259674,-0.0025328733026981354,-0.18743965029716492,0.011987997218966484,-0.15749375522136688,-0.23045937716960907,-0.0030633723363280296,0.19354724884033203,-0.0035532130859792233,0.008196558803319931,-0.030239000916481018,-0.08677017688751221,8.848431752994657e-05,-0.3572223484516144,-0.07876300811767578,0.41221681237220764,-0.25941571593284607,-0.34261974692344666
0.15233175456523895,0.07424407452344894,1.0118417739868164,-0.15770958364009857,-0.11645662039518356,-0.25988999009132385,-0.6059691309928894,0.0007127802819013596,0.04198010265827179,0.36153849959373474,-0.07259878516197205,-0.1830829679965973,0.04274749383330345,-0.002025717170909047,-0.257695734500885,0.004714033100754023,0.2119138091802597,-0.012509082444012165,0.11316502094268799,-0.04413362592458725,-0.10213577747344971,8.569029887439683e-05,-0.3590921461582184,-0.08572335541248322,0.3999691903591156,-0.23151995241641998,-0.25983402132987976
0.1500416100025177,0.07013578712940216,1.024970531463623,-0.1599685549736023,-0.058233506977558136,-0.2596021890640259,-0.4879552721977234,0.008472696878015995,0.07035976648330688,0.32542410492897034,-0.16903804242610931,-0.16918908059597015,0.08539199084043503,0.1711762696504593,-0.16511882841587067,0.013939270749688148,0.18454983830451965,-0.011506267823278904,0.15317775309085846,-0.05744194984436035,-0.15661396086215973,8.319578046211973e-05,-0.37930265069007874,-0.09246739000082016,0.3539135456085205,-0.20445476472377777,-0.2470967024564743
0.13829869031906128,0.06386158615350723,1.0377649068832397,-0.14362803101539612,0.03643699362874031,-0.25809526443481445,-0.3508516848087311,0.03481781482696533,0.10929232835769653,0.24884174764156342,-0.24430502951145172,-0.13328883051872253,0.13363713026046753,0.282253623008728,-0.03472321480512619,0.025689907371997833,0.1280204951763153,0.00019390597299207002,0.14728467166423798,-0.0705035850405693,-0.21085338294506073,9.733129991218448e-05,-0.4017617106437683,-0.09963525086641312,0.32646429538726807,-0.17588704824447632,-0.22166389226913452
0.11399055272340775,0.05863087624311447,1.0503195524215698,-0.10615254938602448,0.08050452172756195,-0.2496531754732132,-0.22568297386169434,0.09362343698740005,0.16195663809776306,0.12392135709524155,-0.3310745358467102,-0.10160345584154129,0.1111547127366066,0.3411419689655304,0.23054002225399017,0.036362096667289734,0.09658238291740417,0.026501618325710297,0.0020630466751754284,-0.08253713697195053,-0.19540084898471832,6.567471427842975e-05,-0.4207068979740143,-0.10688606649637222,0.31356367468833923,-0.1438400149345398,-0.22277598083019257
0.07279493659734726,0.06024337559938431,1.0677173137664795,-0.0935416966676712,0.18300575017929077,-0.22551032900810242,-0.2734360992908478,0.12305879592895508,0.13667812943458557,0.04129975289106369,-0.21332736313343048,-0.09008248150348663,0.1629917174577713,0.36770373582839966,0.4843546152114868,0.039429109543561935,-0.03182947635650635,0.07339350879192352,-0.03107302635908127,-0.09767135232686996,-0.16463686525821686,5.049227911513299e-05,-0.46996361017227173,-0.11287358403205872,0.17484591901302338,-0.1353120058774948,0.030681999400258064
0.008680125698447227,0.057071685791015625,1.083590030670166,-0.08317627757787704,0.22172528505325317,-0.1593385487794876,0.2259873002767563,0.1036376953125,0.06882402300834656,-8.387420166400261e-06,-0.4805483818054199,-0.08047635108232498,0.003247153013944626,0.16642606258392334,0.6750488877296448,0.039223700761795044,0.00470542348921299,0.14253848791122437,0.0726989358663559,-0.11239708214998245,-0.14246180653572083,0.02209612913429737,-0.3720753788948059,-0.1360640674829483,-0.0316929928958416,-0.025733377784490585,0.771418571472168
-0.027720928192138672,0.0401962511241436,1.1028215885162354,-0.07732498645782471,0.3650847375392914,-0.11969461292028427,0.8623265624046326,0.09432422369718552,-0.18001332879066467,-3.51268463418819e-05,-0.5987136363983154,0.023027079179883003,-0.02665039896965027,0.15111874043941498,0.44846558570861816,0.046490054577589035,-0.1129658967256546,0.17508867383003235,0.5571737885475159,-0.1241099089384079,-0.006295537576079369,0.060878925025463104,-0.2122114598751068,-0.1657010018825531,0.02622377499938011,0.1348852813243866,0.23099084198474884
-0.045590877532958984,0.02159511297941208,1.1178336143493652,-0.056169021874666214,0.31757286190986633,-0.10355086624622345,0.7362252473831177,0.0780380517244339,-0.08506947010755539,-9.046396007761359e-05,-0.4585784673690796,0.02286369912326336,0.1285603940486908,0.22217324376106262,0.5177310705184937,0.04728303104639053,-0.13102293014526367,0.19057056307792664,0.4843733608722687,-0.06140674650669098,0.12841252982616425,0.0916275903582573,-0.2292763739824295,-0.1344577670097351,0.11955516040325165,0.04695037752389908,-0.08511915057897568
-0.0761251449584961,0.005887594074010849,1.1316404342651367,-0.037866029888391495,0.16806849837303162,-0.06895209103822708,0.564498782157898,0.06336265802383423,-0.039122119545936584,-9.182634676108137e-05,-0.44842609763145447,0.02265057899057865,0.1763172745704651,0.22720719873905182,0.5017865300178528,0.03639991208910942,-0.05311959236860275,0.22910349071025848,0.3616388440132141,-0.024921361356973648,0.006416370160877705,0.11698076128959656,-0.05662915110588074,-0.11102436482906342,0.07713840901851654,-0.07902075350284576,-0.05431970953941345
-0.10106706619262695,-0.00205230712890625,1.1439826488494873,-0.028885038569569588,-0.022152064368128777,-0.040595147758722305,0.3856125771999359,0.04962854087352753,0.030871104449033737,-3.4302946005482227e-05,-0.48133111000061035,0.02392752654850483,0.30873042345046997,0.2620584964752197,0.48188287019729614,-0.005732404533773661,0.03821781650185585,0.25985777378082275,0.35188427567481995,-0.019257331266999245,-0.04562944546341896,0.1777041256427765,0.12730295956134796,-0.12530945241451263,0.06512326002120972,-0.14180126786231995,-0.09084080904722214
-0.11288642883300781,-0.005135059356689453,1.1540133953094482,-0.02581862546503544,0.0010295272804796696,-0.028926527127623558,0.44848206639289856,0.03702109307050705,0.09752293676137924,4.101422291569179e-06,-0.45546531677246094,0.025758061558008194,0.3578518033027649,0.3252464532852173,0.5264459848403931,-0.06724126636981964,0.030654266476631165,0.2598171830177307,0.5613749027252197,-0.020121343433856964,-0.024373019114136696,0.26589059829711914,0.13731780648231506,-0.13828279078006744,0.04253808781504631,-0.011442669667303562,-0.14023703336715698
-0.12555551528930664,-0.010110855102539062,1.1675636768341064,-0.020892471075057983,0.0010257796384394169,-0.014695822261273861,0.33711981773376465,0.02292320504784584,0.027490556240081787,-1.9338274796609767e-05,-0.521217942237854,0.027825087308883667,0.255612850189209,0.3406432271003723,0.5171396136283875,-0.10618355125188828,0.025638297200202942,0.25979217886924744,0.6189333200454712,-0.014361536130309105,-0.007897444069385529,0.31693869829177856,0.09218895435333252,-0.14499394595623016,0.023954395204782486,0.14967922866344452,-0.05376330018043518
-0.13686895370483398,-0.01258230209350586,1.1829160451889038,-0.0190937127918005,-0.029618622735142708,-0.0008689239621162415,0.40196162462234497,0.00818586628884077,0.04685298353433609,-3.06078654830344e-05,-0.549945056438446,0.0305689238011837,0.21077652275562286,0.3296090364456177,0.521056056022644,-0.13386009633541107,0.018114890903234482,0.25978973507881165,0.5636705160140991,-0.014147545211017132,-0.022852495312690735,0.3469517230987549,0.1227816641330719,-0.16185423731803894,0.01225549727678299,0.28815874457359314,0.12629157304763794
-0.14487028121948242,-0.01393270492553711,1.1978888511657715,-0.01834370568394661,-0.020400384441018105,0.009958332404494286,0.3183567523956299,-0.005975211504846811,0.033734045922756195,-2.8870375899714418e-05,-0.5416802167892456,0.033080898225307465,0.226445734500885,0.3126766085624695,0.48453372716903687,-0.150754913687706,0.051941052079200745,0.2597704529762268,0.5752472877502441,-0.010404829867184162,-0.005295778624713421,0.3599494695663452,0.12176528573036194,-0.17523589730262756,-0.006639324128627777,0.37396883964538574,0.2828676998615265
-0.14881658554077148,-0.01627492904663086,1.2115745544433594,-0.016018269583582878,0.014070158824324608,0.01684221625328064,0.24852821230888367,-0.018662333488464355,0.014017552137374878,-2.6259987862431444e-05,-0.5340455770492554,0.03475847467780113,0.2587217092514038,0.29459407925605774,0.43535953760147095,-0.1576043963432312,0.030451159924268723,0.2598845362663269,0.5142140984535217,-0.007222473155707121,-0.021724049001932144,0.3622744083404541,0.08138254284858704,-0.1782522201538086,0.033140361309051514,0.39220839738845825,0.37944191694259644
-0.14819669723510742,-0.019907474517822266,1.2263929843902588,-0.01229642890393734,-0.0036624683998525143,0.019069677218794823,0.1587533950805664,-0.03198558837175369,-0.026720423251390457,-1.6198480807361193e-05,-0.5288810729980469,0.03637365251779556,0.2649613618850708,0.2698930501937866,0.36582303047180176,-0.1508689671754837,0.057927489280700684,0.2596820890903473,0.49550721049308777,-0.006702389568090439,-0.020323505625128746,0.3478409945964813,0.05829126015305519,-0.1701636016368866,0.04217143729329109,0.3385215103626251,0.41370829939842224
-0.14192676544189453,-0.022086620330810547,1.2426849603652954,-0.010882250033318996,0.0371798500418663,0.01548923272639513,0.17125636339187622,-0.04666690528392792,-0.05121537297964096,-2.7917547413380817e-05,-0.4792053997516632,0.03888415917754173,0.300129234790802,0.23183771967887878,0.3320792317390442,-0.14250989258289337,0.019297271966934204,0.2594488561153412,0.4030590355396271,-0.00301375612616539,-0.006730956956744194,0.3347699046134949,0.0438942052423954,-0.1604510098695755,0.05060100182890892,0.20334941148757935,0.35339513421058655
-0.1292572021484375,-0.02337932586669922,1.2598508596420288,-0.01093477476388216,0.06366881728172302,0.005080415867269039,0.14586740732192993,-0.06243821606040001,-0.04571500048041344,-2.1392907001427375e-05,-0.494684100151062,0.042098429054021835,0.2598637640476227,0.1864028126001358,0.2686138153076172,-0.12438265979290009,0.014444319531321526,0.2576863765716553,0.3245076835155487,0.011731741949915886,0.03268154338002205,0.2997131049633026,-0.07175551354885101,-0.12826459109783173,0.1046968400478363,0.009846731089055538,0.232930526137352
-0.10740470886230469,-0.021923065185546875,1.2772983312606812,-0.014655467122793198,0.027952855452895164,-0.015953321009874344,0.10239402204751968,-0.07918805629014969,-0.05428743362426758,-9.70882592810085e-06,-0.514798641204834,0.04635586217045784,0.3523827791213989,0.1452890932559967,0.24879233539104462,-0.09638891369104385,0.07634640485048294,0.24837347865104675,0.3212096393108368,0.03504543751478195,0.06906318664550781,0.23672938346862793,-0.17029494047164917,-0.09376688301563263,0.13076657056808472,-0.1384451985359192,0.12649662792682648
-0.0744776725769043,-0.015856266021728516,1.292039394378662,-0.02403850480914116,0.042208097875118256,-0.049670930951833725,0.2627909183502197,-0.0935303121805191,-0.05965498089790344,-1.0637295417836867e-05,-0.5133365988731384,0.05142134800553322,0.33984529972076416,0.11873698234558105,0.28217077255249023,-0.08122441917657852,0.11262890696525574,0.22970810532569885,0.19198916852474213,0.048341963440179825,0.14424653351306915,0.19132685661315918,-0.2663411796092987,-0.08054568618535995,0.08084964007139206,-0.2473091036081314,-0.06162049621343613
-0.030539989471435547,-0.014239311218261719,1.3069835901260376,-0.028394870460033417,0.07754432410001755,-0.09619254618883133,0.3809848427772522,-0.10698793828487396,-0.036891818046569824,-1.2888100172858685e-05,-0.4868488311767578,0.05616382881999016,0.4188516139984131,0.1208970695734024,0.27437740564346313,-0.04286862537264824,0.2325456738471985,0.1980172097682953,-0.08562606573104858,0.09021291881799698,0.2692078948020935,0.10832750052213669,-0.5368372797966003,-0.0926651805639267,-0.019539710134267807,-0.30948102474212646,-0.3517151474952698
0.013252840377390385,-0.013212203979492188,1.3222672939300537,-0.032519400119781494,-0.015067333355545998,-0.14046163856983185,-0.3594418466091156,-0.12109194695949554,-0.18251308798789978,4.9631511501502246e-05,-0.3376968502998352,0.061184048652648926,0.3522438406944275,0.05532890558242798,-0.4049806594848633,0.0030208395328372717,0.2550956606864929,0.1470090001821518,-0.7066541314125061,0.07776526361703873,0.2562480568885803,2.0393514205352403e-05,-0.7831779718399048,0.021094445139169693,-0.36567991971969604,-0.16443981230258942,-0.41573864221572876
0.021754244342446327,-0.016509056091308594,1.330939769744873,-0.029879625886678696,0.042483434081077576,-0.14379718899726868,-0.5699989199638367,-0.1293296366930008,-0.007938304916024208,9.514401608612388e-05,-0.2161918580532074,0.06234007701277733,0.11135471612215042,-0.03566186502575874,-0.04844874143600464,0.013072256930172443,0.010917557403445244,0.14102290570735931,-0.9218983054161072,0.07641317695379257,-0.02526039257645607,-1.993389378185384e-05,-0.6128760576248169,-0.01265767402946949,0.22529329359531403,-0.1625286340713501,-0.7279041409492493
0.036497365683317184,-0.018860340118408203,1.3381754159927368,-0.028060654178261757,0.19833436608314514,-0.15633174777030945,-0.5368978381156921,-0.11536131799221039,0.1185174509882927,2.9918988730059937e-05,0.033569131046533585,0.07952532917261124,0.045918338000774384,0.09524337947368622,-0.011817947030067444,0.021967701613903046,-0.14150607585906982,0.12716452777385712,-0.8695873618125916,0.07410459220409393,-0.1294608861207962,1.6849339772306848e-06,-0.5328317880630493,-0.04138948768377304,0.39608022570610046,-0.16352665424346924,-0.6887297630310059
0.05934405326843262,-0.013190746307373047,1.3518520593643188,-0.09638279676437378,0.1269254833459854,-0.1903560757637024,-0.3884909152984619,-0.016898464411497116,0.12620145082473755,0.15933819115161896,0.22668993473052979,-0.06796780973672867,-0.041166339069604874,0.2627304196357727,-0.004772268235683441,0.010950530879199505,-0.1153881847858429,0.10413175076246262,-0.7179861664772034,0.049290552735328674,-0.17378632724285126,0.00015589555550832301,-0.5170543193817139,0.010442079044878483,0.5401106476783752,-0.20116980373859406,-0.6690219044685364
0.08763153105974197,-0.012903213500976562,1.3659429550170898,-0.1272045373916626,-0.06023571640253067,-0.22593827545642853,-0.13532754778862,0.01780523546040058,-0.03391638770699501,0.2530682682991028,-0.031160321086645126,-0.11562231183052063,0.12077537178993225,0.3983687162399292,0.12075691670179367,0.014196038246154785,0.14009885489940643,0.07076510041952133,-0.5765570998191833,0.035560909658670425,-0.019354160875082016,9.048182982951403e-05,-0.3699937164783478,0.00465500820428133,0.23965968191623688,-0.15768080949783325,-0.26565057039260864
0.10868270695209503,-0.010562896728515625,1.3779536485671997,-0.13551893830299377,-0.14814165234565735,-0.2517834007740021,-0.26023295521736145,0.03329276666045189,-0.024537403136491776,0.29973679780960083,0.029194939881563187,-0.13234736025333405,0.06973931193351746,0.46507182717323303,0.20178218185901642,0.014498475007712841,0.2293936312198639,0.04722196236252785,-0.531773030757904,0.02368527092039585,-0.016547836363315582,0.00011695279681589454,-0.3599526882171631,-0.00013061285426374525,0.23994505405426025,-0.18777558207511902,-0.3147077262401581
0.12231752276420593,-0.004956245422363281,1.3914802074432373,-0.14981579780578613,-0.23803149163722992,-0.25984492897987366,-0.4582996964454651,0.025789735838770866,-0.02090512216091156,0.3496982455253601,0.05314698442816734,-0.1541842669248581,0.01848849281668663,0.3988689184188843,0.16139735281467438,0.01047318335622549,0.2977434992790222,0.032644908875226974,-0.2866817116737366,0.010973067954182625,0.007657226175069809,4.910719144390896e-05,-0.3782713711261749,-0.003783015999943018,0.27146726846694946,-0.22174705564975739,-0.30604639649391174
0.13272039592266083,-0.00026416778564453125,1.403994083404541,-0.15065035223960876,-0.12828855216503143,-0.2598211169242859,-0.6661670207977295,0.009768031537532806,0.005770248360931873,0.3622649013996124,0.026645641773939133,-0.16624735295772552,-0.006431553512811661,0.2668757140636444,0.028614915907382965,0.0072203753516077995,0.16685637831687927,0.02146567963063717,-0.3257402181625366,-0.00101384031586349,0.011606348678469658,3.950790051021613e-05,-0.4640522301197052,-0.0071234917268157005,0.22356726229190826,-0.22913070023059845,-0.463640421628952
0.1402820497751236,0.005500339902937412,1.4168301820755005,-0.15178388357162476,-0.08552590757608414,-0.25980719923973083,-0.6087586879730225,0.004264933057129383,0.022327203303575516,0.3653906583786011,0.08639213442802429,-0.17345230281352997,0.020807921886444092,0.14808587729930878,-0.051852237433195114,0.0027096096891909838,0.12991105020046234,0.012706797569990158,-0.3617912232875824,-0.012877954170107841,-0.0055326055735349655,2.8206472052261233e-05,-0.49196234345436096,-0.010255927219986916,0.11948047578334808,-0.22451044619083405,-0.4179781675338745
0.1439305543899536,0.010031614452600479,1.4297254085540771,-0.15316236019134521,-0.09488919377326965,-0.25979742407798767,-0.6359779238700867,0.0024885940365493298,0.021531956270337105,0.3669869303703308,0.06023610755801201,-0.1746959537267685,0.020869478583335876,0.060697320848703384,-0.14605289697647095,-0.00025500828633084893,0.14051775634288788,0.007883602753281593,-0.25655630230903625,-0.02485167607665062,-0.024831801652908325,2.8195245249662548e-05,-0.4970843493938446,-0.013696384616196156,0.14644385874271393,-0.21604666113853455,-0.3744894564151764
0.142934188246727,0.012792607769370079,1.4415650367736816,-0.1530456691980362,-0.08519931882619858,-0.25977620482444763,-0.5969057083129883,0.0018732775934040546,0.03317087143659592,0.36624065041542053,0.017176564782857895,-0.17376556992530823,0.03195195645093918,0.01831541582942009,-0.16698111593723297,-0.0011630947701632977,0.1582343578338623,0.007989412173628807,-0.1308644711971283,-0.03606482967734337,-0.052720289677381516,3.6593697586795315e-05,-0.4536115229129791,-0.017254143953323364,0.28240060806274414,-0.20911496877670288,-0.372891366481781
0.13711267709732056,0.013637685216963291,1.4519844055175781,-0.1499551385641098,-0.09512989968061447,-0.25977587699890137,-0.5221725106239319,0.002471114043146372,0.029493793845176697,0.3601900637149811,-0.05621415749192238,-0.16838957369327545,0.07190442830324173,0.029060551896691322,-0.13651783764362335,7.96582899056375e-05,0.2057550549507141,0.013190858066082,-0.040287889540195465,-0.04614698514342308,-0.09345963597297668,4.90252350573428e-05,-0.4190137982368469,-0.02083427645266056,0.28349554538726807,-0.20208215713500977,-0.3160407841205597
0.1258760243654251,0.011250287294387817,1.4613451957702637,-0.12481404095888138,-0.07606031745672226,-0.25764796137809753,-0.35687947273254395,0.014951944351196289,0.046859011054039,0.30466756224632263,-0.16367244720458984,-0.13780395686626434,0.08675874024629593,0.09774646162986755,-0.0793212279677391,0.0052417973056435585,0.2161039412021637,0.02414018288254738,0.055813610553741455,-0.055452264845371246,-0.11273781955242157,5.238860467216e-05,-0.4143369793891907,-0.024945897981524467,0.33429720997810364,-0.18394285440444946,-0.26129835844039917
0.10461466014385223,0.011739915236830711,1.4717721939086914,-0.09784859418869019,0.07547766715288162,-0.2480764091014862,-0.24297568202018738,0.03795832395553589,0.0889652892947197,0.23209281265735626,-0.20937223732471466,-0.11770360916852951,0.09468093514442444,0.18707066774368286,0.04796896129846573,0.00687802629545331,0.08149729669094086,0.04650811478495598,-0.10590796917676926,-0.06531871855258942,-0.10125184059143066,6.741079414496198e-05,-0.42737877368927,-0.028653956949710846,0.32976874709129333,-0.15879890322685242,-0.2790577709674835
0.07054866850376129,0.014854162000119686,1.4815945625305176,-0.06618115305900574,0.12502722442150116,-0.22711974382400513,-0.24672788381576538,0.07402262091636658,0.1304887980222702,0.14223086833953857,-0.2578977644443512,-0.09300067275762558,0.1316632181406021,0.2635939419269562,0.26010650396347046,0.005115814041346312,0.05385112389922142,0.0841425284743309,-0.07074098289012909,-0.07438239455223083,-0.1543886363506317,6.815411325078458e-05,-0.46440115571022034,-0.03168889507651329,0.28414300084114075,-0.15454497933387756,-0.2947891056537628
0.026355035603046417,0.02121175266802311,1.493396520614624,-0.04614720493555069,0.17425799369812012,-0.19640891253948212,-0.042819514870643616,0.09426192194223404,0.10321485251188278,0.07209017872810364,-0.31171032786369324,-0.06885511428117752,0.21662737429141998,0.32374662160873413,0.5830600261688232,-0.0003537975426297635,0.01819448545575142,0.13305847346782684,-0.03796963021159172,-0.08538796007633209,-0.1287713646888733,3.6185141652822495e-05,-0.45746153593063354,-0.03473356366157532,0.22378768026828766,-0.15698066353797913,-0.05472040921449661
-0.014756202697753906,0.020973341539502144,1.5041526556015015,-0.013365417718887329,0.19149404764175415,-0.1526138037443161,0.4004974067211151,0.0836593359708786,-0.021940622478723526,-3.188314803992398e-05,-0.5613927841186523,-0.022512691095471382,-0.09377440810203552,0.13222575187683105,0.5742262601852417,0.003091093385592103,0.07600629329681396,0.17556250095367432,0.14711341261863708,-0.09611722826957703,-0.055340465158224106,-4.7273249947465956e-05,-0.3666357696056366,-0.04007498174905777,0.04854511842131615,-0.08260942995548248,0.7141147255897522
-0.027295589447021484,0.013704655691981316,1.5161534547805786,-0.005038486327975988,0.292939692735672,-0.14500057697296143,0.9542055130004883,0.07001447677612305,-0.11303218454122543,4.847821855946677e-06,-0.5481269359588623,-0.027422785758972168,0.044119175523519516,0.2395494282245636,0.5512535572052002,0.013636434450745583,-0.05642164498567581,0.1811281442642212,0.6212019324302673,-0.10671321302652359,0.037143681198358536,0.004421559162437916,-0.24741114675998688,-0.049569759517908096,0.10580462217330933,0.12427929043769836,0.11923311650753021
-0.0610198974609375,0.007364883553236723,1.5234928131103516,0.0017282399348914623,0.24435719847679138,-0.10888444632291794,0.6681113839149475,0.06357032805681229,-0.07476600259542465,-7.085433753672987e-05,-0.5033295750617981,-0.02029401995241642,0.1780477911233902,0.25441449880599976,0.5330239534378052,-0.003933790605515242,-0.06612712889909744,0.21052473783493042,0.42492198944091797,-0.01654842495918274,0.11456163227558136,0.06215720251202583,-0.18619073927402496,-0.058199021965265274,0.11759206652641296,-0.20815728604793549,-0.0672144815325737
-0.1011652946472168,0.0005642288597300649,1.537018895149231,0.009068004786968231,0.15620189905166626,-0.06259529292583466,0.5792282223701477,0.05143442004919052,0.06534558534622192,-7.280724094016477e-05,-0.4241282641887665,-0.018389001488685608,0.2916235327720642,0.23092025518417358,0.45105481147766113,-0.024409469217061996,-0.10595452785491943,0.2545067071914673,0.13680092990398407,0.025709422305226326,-0.05703015998005867,0.11974303424358368,-0.042394187301397324,-0.06061285361647606,0.05153467133641243,-0.37517380714416504,-0.21282856166362762
-0.12266254425048828,-0.0005917549133300781,1.553143858909607,0.009079155512154102,0.1043701320886612,-0.04091206565499306,0.28506630659103394,0.03415834158658981,0.10143052786588669,-2.9420561986626126e-05,-0.39815419912338257,-0.014252808876335621,0.2610398530960083,0.28910988569259644,0.44050443172454834,-0.057495538145303726,-0.12675359845161438,0.259830117225647,0.2593846023082733,0.023827534168958664,-0.08090834319591522,0.18440182507038116,0.10259756445884705,-0.09189970791339874,0.03488822653889656,-0.29806503653526306,-0.30987170338630676
-0.14081048965454102,0.002708760090172291,1.5639653205871582,0.0041447109542787075,0.09332221001386642,-0.021883510053157806,-0.023859238252043724,0.02295628935098648,0.1055661216378212,3.5860095522366464e-05,-0.41730958223342896,-0.010749000124633312,0.3698927164077759,0.2987562417984009,0.40150564908981323,-0.10982682555913925,-0.05368863046169281,0.2597822844982147,0.6598867774009705,-0.0024081836454570293,-0.0453404039144516,0.27503901720046997,0.09096980094909668,-0.13252736628055573,0.02763945236802101,-0.1761547327041626,-0.2097932994365692
-0.15258026123046875,0.003970708232372999,1.575066089630127,0.0016822977922856808,0.061050720512866974,-0.00967829953879118,0.353597491979599,0.01185506023466587,0.05000889673829079,5.401145131145313e-07,-0.47982922196388245,-0.007712779100984335,0.3649306893348694,0.29888054728507996,0.4980543255805969,-0.1355191320180893,-0.02833685278892517,0.2597886025905609,0.5616342425346375,0.00031563223456032574,0.006795909255743027,0.31094974279403687,0.029752831906080246,-0.14109507203102112,0.0401904322206974,-0.13741305470466614,-0.07103069871664047
-0.15935897827148438,0.005353357642889023,1.58626127243042,-0.0011191355297341943,0.034665800631046295,-0.0027899150736629963,0.39357778429985046,0.0006965461070649326,0.04756668955087662,-9.824764219956705e-07,-0.5033602714538574,-0.004501720890402794,0.2780889868736267,0.2962349057197571,0.4867710471153259,-0.14940959215164185,0.012309610843658447,0.2597971558570862,0.5712295174598694,0.0029906074050813913,-0.007878713309764862,0.323950856924057,0.08153565227985382,-0.15114472806453705,0.0013262070715427399,-0.14664345979690552,0.0492105558514595
-0.16228771209716797,0.00577503489330411,1.5975980758666992,-0.0029077024664729834,0.017442813143134117,0.00019819427689071745,0.4651455879211426,-0.010302343405783176,0.017623204737901688,-1.6595089618931524e-05,-0.5109216570854187,-0.0013420265167951584,0.27815747261047363,0.2889653742313385,0.46851158142089844,-0.1584520936012268,0.01364278793334961,0.2598206698894501,0.5522977709770203,0.006816191133111715,0.00633249431848526,0.33615511655807495,0.10074558854103088,-0.16832254827022552,0.0045606158673763275,-0.17965690791606903,0.11552698165178299
-0.16241931915283203,0.005496209487318993,1.6099152565002441,-0.0040595801547169685,0.048139795660972595,0.0005171530647203326,0.3588973581790924,-0.022049468010663986,-0.005839753895998001,-1.534956754767336e-05,-0.48926663398742676,0.001959523418918252,0.19794738292694092,0.2778890132904053,0.43372243642807007,-0.1618032306432724,-0.029705651104450226,0.2598106861114502,0.5748123526573181,0.00792753417044878,-0.03147219866514206,0.3454992473125458,0.0801638811826706,-0.1764177531003952,0.014626909047365189,-0.22634322941303253,0.17687547206878662
-0.15956783294677734,0.00450269877910614,1.6220356225967407,-0.004310928285121918,0.08667316287755966,-0.002014325698837638,0.22881275415420532,-0.033296044915914536,-0.03758635371923447,-2.272014899062924e-05,-0.4923137426376343,0.005050770007073879,0.190205380320549,0.2593629062175751,0.3478483557701111,-0.159684956073761,-0.040453411638736725,0.2598040699958801,0.5338582396507263,0.00459936773404479,-0.022321075201034546,0.34945306181907654,0.053590077906847,-0.17196287214756012,0.04482458904385567,-0.2894580364227295,0.17818112671375275
-0.15284395217895508,0.00374812725931406,1.632806658744812,-0.004589229356497526,0.08478427678346634,-0.008457396179437637,0.13239847123622894,-0.04313194751739502,-0.0554150715470314,-1.7136710084741935e-05,-0.4626995325088501,0.007682872470468283,0.20392271876335144,0.23141157627105713,0.2884211540222168,-0.15421316027641296,-0.047628894448280334,0.2597942352294922,0.4437783360481262,0.00401722639799118,-0.009668068960309029,0.34797534346580505,0.012360017746686935,-0.16473332047462463,0.05221417173743248,-0.29870086908340454,0.1318734586238861
-0.1411585807800293,0.0041306945495307446,1.6427937746047974,-0.006037640385329723,0.10996319353580475,-0.020107878372073174,-0.0008625593036413193,-0.052474841475486755,-0.07003837823867798,-2.4395827495027333e-05,-0.4648541212081909,0.010239492170512676,0.3045575022697449,0.19731859862804413,0.2457972913980484,-0.14180351793766022,-0.02819637954235077,0.25971323251724243,0.437612384557724,0.007418878376483917,0.011437717825174332,0.32817718386650085,-0.09875169396400452,-0.14992691576480865,0.08571980893611908,-0.32795536518096924,0.11913926899433136
-0.12299156188964844,0.006426820997148752,1.65300452709198,-0.00976012647151947,0.10204226523637772,-0.038953997194767,0.023551808670163155,-0.062458377331495285,-0.058243244886398315,-2.0134410078753717e-05,-0.5024130344390869,0.013350576162338257,0.3375224471092224,0.1612195074558258,0.22283025085926056,-0.11681576073169708,0.014899706467986107,0.25771254301071167,0.2751869261264801,0.01764669269323349,0.04549255967140198,0.272441029548645,-0.23292718827724457,-0.11936650425195694,0.13451611995697021,-0.3759629428386688,0.018165165558457375
-0.0910639762878418,0.009157495573163033,1.6658965349197388,-0.01443922333419323,0.11236470192670822,-0.07491106539964676,0.08896111696958542,-0.07490760087966919,-0.07541386038064957,5.0711954827420413e-05,-0.493468701839447,0.017732108011841774,0.40893369913101196,0.16483484208583832,0.21823666989803314,-0.07061605900526047,0.0759059339761734,0.2413954883813858,0.208358034491539,0.05700935050845146,0.12647710740566254,0.16602492332458496,-0.329638808965683,-0.08681711554527283,0.12056134641170502,-0.41550931334495544,-0.21175779402256012
-0.049774169921875,0.013379846699535847,1.6781922578811646,-0.021471068263053894,0.07400474697351456,-0.12097686529159546,0.14606617391109467,-0.0862349197268486,-0.0720660611987114,2.5608429496060126e-05,-0.47964972257614136,0.022894272580742836,0.3182416558265686,0.16860510408878326,0.09760008007287979,-0.0377243235707283,0.16531410813331604,0.21448247134685516,0.33520498871803284,0.08255530148744583,0.12452085316181183,0.08395417779684067,-0.3326990604400635,-0.0943259447813034,0.03918208181858063,-0.41763588786125183,-0.4811863899230957
-0.018248558044433594,0.014463453553617,1.686604619026184,-0.024834156036376953,0.09875921159982681,-0.15452368557453156,0.07551383972167969,-0.09347021579742432,-0.14596417546272278,2.55028426181525e-05,-0.3541697859764099,0.02674330770969391,0.2971707582473755,0.1707773357629776,-0.5656288862228394,-0.02454991452395916,0.1423259973526001,0.18422561883926392,-0.000727169681340456,0.06512501835823059,0.18067345023155212,0.039366379380226135,-0.5956265926361084,-0.01838035136461258,-0.17626149952411652,-0.30070507526397705,-0.9413317441940308
0.014412809163331985,0.014421903528273106,1.6998709440231323,-0.0321543924510479,0.03124118037521839,-0.18498553335666656,-0.40873855352401733,-0.10708961635828018,-0.14421197772026062,0.009567731991410255,-0.17866651713848114,0.026759609580039978,0.1827089786529541,0.02602478303015232,-0.5781813859939575,-0.002588088857010007,0.07896795868873596,0.1452796310186386,-0.997523844242096,0.05879845470190048,0.1120656281709671,-2.683712591533549e-05,-0.730929970741272,-0.0025803756434470415,-0.18299031257629395,-0.15907563269138336,-0.7097482085227966
0.03529052063822746,0.015441925264894962,1.71104896068573,-0.04787179455161095,0.1510351300239563,-0.20443066954612732,-0.43634745478630066,-0.08809425681829453,0.09770525246858597,0.041384823620319366,-0.036395762115716934,0.012702768668532372,0.08128415793180466,-0.047788187861442566,0.11894163489341736,-0.000772956816945225,-0.023047655820846558,0.12638232111930847,-0.8831496238708496,0.047759152948856354,-0.030819721519947052,8.33265767141711e-06,-0.5774874687194824,-0.007049683481454849,0.17896929383277893,-0.22862660884857178,-0.6435321569442749
0.06191115453839302,0.013648300431668758,1.7208552360534668,-0.06250529736280441,0.07701829820871353,-0.23185712099075317,-0.24481037259101868,-0.05221063271164894,0.11253675818443298,0.08978772163391113,0.048872943967580795,-0.018299171701073647,0.026324890553951263,-0.1136176735162735,0.02703164890408516,0.0048501440323889256,0.001447279006242752,0.09905172139406204,-0.698816180229187,0.037306513637304306,-0.06282296031713486,3.4366054023848847e-05,-0.4793863892555237,-0.012652244418859482,0.4080367982387543,-0.2729140520095825,-0.5415617227554321
0.09218195825815201,0.012001562863588333,1.7270506620407104,-0.06613220274448395,-0.02365436591207981,-0.2600002586841583,-0.2929028272628784,-0.03313947841525078,0.047731202095746994,0.12204853445291519,0.13906869292259216,-0.035894766449928284,0.005312163382768631,-0.18809586763381958,0.01538165658712387,0.010425843298435211,0.07000793516635895,0.06603844463825226,-0.5009392499923706,0.030022883787751198,-0.06623481214046478,6.757300434401259e-05,-0.40287941694259644,-0.017703140154480934,0.4545285999774933,-0.30149370431900024,-0.4786878824234009
0.11250942945480347,0.016045069321990013,1.7318447828292847,-0.08957847952842712,-0.12610192596912384,-0.2600001394748688,-0.5892713665962219,-0.012496167793869972,0.05146624147891998,0.19091588258743286,0.1832805871963501,-0.0852028951048851,-0.017382677644491196,-0.38136783242225647,-0.0499834306538105,0.008755948394536972,0.17065268754959106,0.04562701657414436,-0.2250565141439438,0.02393028512597084,-0.09941798448562622,6.571043195435777e-05,-0.3711394667625427,-0.021210189908742905,0.5685723423957825,-0.3516373038291931,-0.47775790095329285
0.13372689485549927,0.02013184130191803,1.7377939224243164,-0.11697626858949661,-0.18356654047966003,-0.2600000500679016,-0.6401887536048889,0.0008372047450393438,0.03332703560590744,0.26516270637512207,0.08721789717674255,-0.12268556654453278,-0.016361448913812637,-0.43968385457992554,-0.2093585878610611,0.006610054522752762,0.23904024064540863,0.022126395255327225,0.08870638906955719,0.018795674666762352,-0.06311725080013275,0.00010218711395282298,-0.37400221824645996,-0.024008428677916527,0.5703103542327881,-0.34168368577957153,-0.43733876943588257
0.14892394840717316,0.022740382701158524,1.7444815635681152,-0.13426393270492554,-0.14798080921173096,-0.25980144739151,-0.6797006726264954,0.003394761821255088,0.013858851045370102,0.31290850043296814,0.04990992322564125,-0.1437954604625702,-0.0004891138523817062,-0.10527965426445007,-0.32621580362319946,0.005820382386445999,0.1949061155319214,0.004870149772614241,-0.005016085226088762,0.013225746341049671,-0.027779458090662956,8.146721665980294e-05,-0.42734774947166443,-0.02677237056195736,0.4152126610279083,-0.32303866744041443,-0.42737701535224915
0.15800030529499054,0.025669079273939133,1.7522387504577637,-0.14476634562015533,-0.11996719986200333,-0.2599027752876282,-0.6672879457473755,0.0023757286835461855,0.0036813654005527496,0.33643627166748047,0.010126899927854538,-0.15469035506248474,-0.005251854658126831,0.08628959953784943,-0.32576096057891846,0.004334017634391785,0.17316661775112152,-0.005801375489681959,-0.08823546767234802,0.006849799770861864,-0.008841712027788162,8.313034049933776e-05,-0.4581891894340515,-0.02921452559530735,0.3126399517059326,-0.29956698417663574,-0.4358496069908142
0.16125895082950592,0.029369767755270004,1.7609230279922485,-0.1498129814863205,-0.0862550213932991,-0.259913831949234,-0.624932587146759,0.0008023280533961952,0.012857367284595966,0.34030547738075256,0.02311621978878975,-0.1655571162700653,0.010149575769901276,0.16245335340499878,-0.2516631484031677,0.002034534700214863,0.12398236989974976,-0.010229649022221565,-0.23566095530986786,-0.0001953093451447785,-0.009257432073354721,3.305468271719292e-05,-0.4640870690345764,-0.031747400760650635,0.1807655692100525,-0.2710649371147156,-0.4185073673725128
0.1585111767053604,0.03190832585096359,1.7711604833602905,-0.1511826366186142,-0.07817215472459793,-0.2599373161792755,-0.6131592392921448,0.002410916145890951,0.028598830103874207,0.3330153524875641,0.005886975675821304,-0.1608680635690689,0.04700196534395218,0.2209504246711731,-0.20558632910251617,0.0013666304294019938,0.16946664452552795,-0.00802627019584179,-0.14929737150669098,-0.009111982770264149,-0.0586211122572422,5.0712129450403154e-05,-0.42961445450782776,-0.03500232845544815,0.35953161120414734,-0.24145644903182983,-0.38490012288093567
0.14896845817565918,0.033158957958221436,1.7810542583465576,-0.1473851054906845,-0.062481917440891266,-0.25991758704185486,-0.5698924660682678,0.0057551683858036995,0.026383839547634125,0.3141942620277405,-0.020763549953699112,-0.14926257729530334,0.05278923735022545,0.28758397698402405,-0.16785679757595062,0.00196641543880105,0.13727086782455444,0.001603541080839932,-0.08950837701559067,-0.018017245456576347,-0.04219251498579979,7.22973418305628e-05,-0.40919923782348633,-0.03820735216140747,0.3351916968822479,-0.20773674547672272,-0.3355903923511505
0.1314488798379898,0.035259999334812164,1.7900781631469727,-0.14411306381225586,-0.017027506604790688,-0.25967076420783997,-0.4338696599006653,0.007325825747102499,0.012462733313441277,0.2934691905975342,-0.11225538700819016,-0.1428176611661911,0.06780050694942474,0.33323293924331665,-0.06719200313091278,0.001065689604729414,0.10680411010980606,0.020044846460223198,-0.06752689182758331,-0.026194771751761436,-0.06740213930606842,7.592540350742638e-05,-0.42888715863227844,-0.04067700728774071,0.2394285500049591,-0.17500673234462738,-0.3212175667285919
0.10529161989688873,0.03438396379351616,1.7974238395690918,-0.1153440847992897,0.014723258092999458,-0.2503787577152252,-0.049499303102493286,0.015573891811072826,0.021189991384744644,0.2218015193939209,-0.2126292586326599,-0.11825926601886749,0.09175541996955872,0.33208295702934265,0.046701718121767044,0.003645780496299267,0.13917362689971924,0.04873303696513176,-0.3142639100551605,-0.03327341005206108,-0.13948866724967957,3.224017928005196e-05,-0.45212119817733765,-0.043522436171770096,0.3141922056674957,-0.15521065890789032,-0.2621617615222931
0.069102443754673,0.03620735555887222,1.80684232711792,-0.089882493019104,0.13258488476276398,-0.22589431703090668,-0.17945875227451324,0.032430537045001984,0.10916807502508163,0.14939150214195251,-0.27615487575531006,-0.10264946520328522,0.11301052570343018,0.2401142120361328,0.17146411538124084,0.0031524477526545525,0.03560066968202591,0.0894446074962616,-0.3674945831298828,-0.04199639707803726,-0.10201132297515869,6.17363111814484e-05,-0.43032872676849365,-0.04646506533026695,0.37569305300712585,-0.15653018653392792,-0.3353837728500366
0.026975715532898903,0.039802029728889465,1.8159544467926025,-0.06705213338136673,0.2020144760608673,-0.19215410947799683,0.033558741211891174,0.05301470309495926,0.1375257968902588,0.0810006633400917,-0.4434290826320648,-0.09692864865064621,0.08321289718151093,0.06582509726285934,0.38047951459884644,0.00040780333802103996,0.01666858047246933,0.13619861006736755,-0.2768799960613251,-0.05039482191205025,-0.13062922656536102,2.8269192625884898e-05,-0.4689677059650421,-0.04910703003406525,0.2515096366405487,-0.16188505291938782,-0.07082716375589371
-0.007328510284423828,0.039337627589702606,1.823288917541504,-0.03784875199198723,0.2409948855638504,-0.16089501976966858,0.4704433083534241,0.046391911804676056,-0.040301937609910965,0.006611828692257404,-0.6610516905784607,-0.016751455143094063,-0.3113595247268677,0.15910901129245758,0.5944709777832031,0.0028188785072416067,0.06405279785394669,0.17116960883140564,0.18532608449459076,-0.05759110674262047,-0.07042175531387329,-4.110121153644286e-05,-0.27960190176963806,-0.05240451917052269,0.0660424679517746,-0.10957232117652893,0.787190318107605
-0.015475273132324219,0.03389327600598335,1.8298317193984985,-0.025239139795303345,0.26432564854621887,-0.15750128030776978,1.1258609294891357,0.034125521779060364,-0.13407352566719055,3.5885652778233634e-06,-0.5965297222137451,-0.040982138365507126,0.1409987509250641,0.20458777248859406,0.6672513484954834,0.011343511752784252,-0.05488492548465729,0.17317898571491241,0.6323522925376892,-0.0676092877984047,0.020922763273119926,4.9267159738519695e-06,-0.22912174463272095,-0.056437667459249496,0.02729012444615364,0.01842600293457508,0.33605509996414185
-0.03519439697265625,0.027289703488349915,1.8330086469650269,-0.018302971497178078,0.21120665967464447,-0.13977256417274475,1.0647495985031128,0.03144732490181923,-0.17544305324554443,2.7405951641412685e-07,-0.5273236036300659,-0.03195687755942345,0.15308071672916412,0.2406194508075714,0.6480849981307983,0.011922821402549744,-0.04668951779603958,0.1846935749053955,0.6948405504226685,-0.051178909838199615,0.09419301152229309,0.018217921257019043,-0.1461317241191864,-0.055857982486486435,0.054647695273160934,-0.06348074972629547,-0.07046268880367279
-0.0685567855834961,0.024499962106347084,1.8350012302398682,-0.01711937226355076,0.2446662038564682,-0.10264881700277328,0.7321257591247559,0.032451458275318146,-0.1274072825908661,-8.008380973478779e-05,-0.4629097878932953,-0.013318480923771858,0.2194259762763977,0.2041606903076172,0.5668994188308716,-0.033236853778362274,-0.13470743596553802,0.21632906794548035,0.4773193895816803,-0.010141873732209206,0.05036116763949394,0.12352438271045685,-0.08906829357147217,-0.10359106957912445,0.025984439998865128,-0.2771049439907074,-0.023382646963000298
-0.10091924667358398,0.0192470233887434,1.845535397529602,-0.011842139065265656,0.15365400910377502,-0.06546775996685028,0.5268241763114929,0.02222488820552826,0.05861397460103035,-7.482693035854027e-05,-0.42703157663345337,-0.011494801379740238,0.19849659502506256,0.18240657448768616,0.4788876175880432,-0.06778396666049957,-0.11463066935539246,0.25428932905197144,0.19585834443569183,0.011886224150657654,-0.009167139418423176,0.2009701281785965,-0.015073774382472038,-0.120747409760952,0.06447727978229523,-0.4007953107357025,-0.18182416260242462
-0.11542081832885742,0.015873108059167862,1.8593637943267822,-0.009030874818563461,0.04000665992498398,-0.052297189831733704,0.4333856999874115,0.007361182011663914,0.11422336101531982,-2.5177261704811826e-05,-0.45949941873550415,-0.008313752710819244,0.14970381557941437,0.2690565288066864,0.45160776376724243,-0.0988701805472374,-0.06989908218383789,0.25988873839378357,0.2547650635242462,0.007892371155321598,-0.03921142593026161,0.2576441764831543,0.10460399091243744,-0.13295409083366394,0.06526871025562286,-0.3641220033168793,-0.31074193120002747
